signature,file,startline,startcol,endline,endcol,properties
Landroid/net/wifi/IWifiManager;->getWifiApEnabledState()I,packages/modules/Wifi/framework/java/android/net/wifi/IWifiManager.aidl,271,1,271,25,
Landroid/net/wifi/IWifiManager;->getWifiApConfiguration()Landroid/net/wifi/WifiConfiguration;,packages/modules/Wifi/framework/java/android/net/wifi/IWifiManager.aidl,273,1,273,25,
Landroid/net/wifi/IWifiManager;->getCurrentNetwork()Landroid/net/Network;,packages/modules/Wifi/framework/java/android/net/wifi/IWifiManager.aidl,309,1,309,65,maxTargetSdk=30&trackingBug=170729553L
Landroid/net/wifi/ScanResult$InformationElement;->EID_SSID:I,packages/modules/Wifi/framework/java/android/net/wifi/ScanResult.java,1256,9,1256,92,maxTargetSdk=30&trackingBug=170729553L
Landroid/net/wifi/ScanResult$InformationElement;->EID_SUPPORTED_RATES:I,packages/modules/Wifi/framework/java/android/net/wifi/ScanResult.java,1259,9,1259,92,maxTargetSdk=30&trackingBug=170729553L
Landroid/net/wifi/ScanResult$InformationElement;->EID_TIM:I,packages/modules/Wifi/framework/java/android/net/wifi/ScanResult.java,1262,9,1262,92,maxTargetSdk=30&trackingBug=170729553L
Landroid/net/wifi/ScanResult$InformationElement;->EID_BSS_LOAD:I,packages/modules/Wifi/framework/java/android/net/wifi/ScanResult.java,1267,9,1267,92,maxTargetSdk=30&trackingBug=170729553L
Landroid/net/wifi/ScanResult$InformationElement;->EID_ERP:I,packages/modules/Wifi/framework/java/android/net/wifi/ScanResult.java,1270,9,1270,92,maxTargetSdk=30&trackingBug=170729553L
Landroid/net/wifi/ScanResult$InformationElement;->EID_RSN:I,packages/modules/Wifi/framework/java/android/net/wifi/ScanResult.java,1275,9,1275,92,maxTargetSdk=30&trackingBug=170729553L
Landroid/net/wifi/ScanResult$InformationElement;->EID_EXTENDED_SUPPORTED_RATES:I,packages/modules/Wifi/framework/java/android/net/wifi/ScanResult.java,1280,9,1280,92,maxTargetSdk=30&trackingBug=170729553L
Landroid/net/wifi/ScanResult$InformationElement;->EID_HT_OPERATION:I,packages/modules/Wifi/framework/java/android/net/wifi/ScanResult.java,1283,9,1283,92,maxTargetSdk=30&trackingBug=170729553L
Landroid/net/wifi/ScanResult$InformationElement;->EID_INTERWORKING:I,packages/modules/Wifi/framework/java/android/net/wifi/ScanResult.java,1286,9,1286,92,maxTargetSdk=30&trackingBug=170729553L
Landroid/net/wifi/ScanResult$InformationElement;->EID_ROAMING_CONSORTIUM:I,packages/modules/Wifi/framework/java/android/net/wifi/ScanResult.java,1289,9,1289,92,maxTargetSdk=30&trackingBug=170729553L
Landroid/net/wifi/ScanResult$InformationElement;->EID_EXTENDED_CAPS:I,packages/modules/Wifi/framework/java/android/net/wifi/ScanResult.java,1292,9,1292,92,maxTargetSdk=30&trackingBug=170729553L
Landroid/net/wifi/ScanResult$InformationElement;->EID_VHT_OPERATION:I,packages/modules/Wifi/framework/java/android/net/wifi/ScanResult.java,1297,9,1297,92,maxTargetSdk=30&trackingBug=170729553L
Landroid/net/wifi/ScanResult$InformationElement;->EID_VSA:I,packages/modules/Wifi/framework/java/android/net/wifi/ScanResult.java,1302,9,1302,92,maxTargetSdk=30&trackingBug=170729553L
Landroid/net/wifi/ScanResult$InformationElement;->id:I,packages/modules/Wifi/framework/java/android/net/wifi/ScanResult.java,1340,9,1340,29,
Landroid/net/wifi/ScanResult$InformationElement;->bytes:[B,packages/modules/Wifi/framework/java/android/net/wifi/ScanResult.java,1346,9,1346,29,
Landroid/net/wifi/ScanResult;->wifiSsid:Landroid/net/wifi/WifiSsid;,packages/modules/Wifi/framework/java/android/net/wifi/ScanResult.java,73,5,73,72,publicAlternatives=%22%7B%40link+%23getWifiSsid%28%29%7D%22
Landroid/net/wifi/ScanResult;->hessid:J,packages/modules/Wifi/framework/java/android/net/wifi/ScanResult.java,185,5,185,25,
Landroid/net/wifi/ScanResult;->anqpDomainId:I,packages/modules/Wifi/framework/java/android/net/wifi/ScanResult.java,192,5,192,25,
Landroid/net/wifi/ScanResult;->is80211McRTTResponder:Z,packages/modules/Wifi/framework/java/android/net/wifi/ScanResult.java,656,5,656,88,maxTargetSdk=30&trackingBug=170729553L
Landroid/net/wifi/ScanResult;->seen:J,packages/modules/Wifi/framework/java/android/net/wifi/ScanResult.java,669,5,669,25,
Landroid/net/wifi/ScanResult;->numUsage:I,packages/modules/Wifi/framework/java/android/net/wifi/ScanResult.java,728,5,728,25,
Landroid/net/wifi/ScanResult;->distanceCm:I,packages/modules/Wifi/framework/java/android/net/wifi/ScanResult.java,736,5,736,25,
Landroid/net/wifi/ScanResult;->distanceSdCm:I,packages/modules/Wifi/framework/java/android/net/wifi/ScanResult.java,744,5,744,25,
Landroid/net/wifi/ScanResult;->flags:J,packages/modules/Wifi/framework/java/android/net/wifi/ScanResult.java,773,5,773,25,
Landroid/net/wifi/ScanResult;->anqpLines:Ljava/util/List;,packages/modules/Wifi/framework/java/android/net/wifi/ScanResult.java,1248,5,1248,25,
Landroid/net/wifi/ScanResult;->informationElements:[Landroid/net/wifi/ScanResult$InformationElement;,packages/modules/Wifi/framework/java/android/net/wifi/ScanResult.java,1452,5,1452,25,
Landroid/net/wifi/WifiConfiguration;->wepKeyVarNames:[Ljava/lang/String;,packages/modules/Wifi/framework/java/android/net/wifi/WifiConfiguration.java,95,17,95,37,
Landroid/net/wifi/WifiConfiguration;->apBand:I,packages/modules/Wifi/framework/java/android/net/wifi/WifiConfiguration.java,1177,5,1177,25,
Landroid/net/wifi/WifiConfiguration;->apChannel:I,packages/modules/Wifi/framework/java/android/net/wifi/WifiConfiguration.java,1188,5,1188,25,
Landroid/net/wifi/WifiConfiguration;->mIpConfiguration:Landroid/net/IpConfiguration;,packages/modules/Wifi/framework/java/android/net/wifi/WifiConfiguration.java,1381,5,1381,25,
Landroid/net/wifi/WifiConfiguration;->defaultGwMacAddress:Ljava/lang/String;,packages/modules/Wifi/framework/java/android/net/wifi/WifiConfiguration.java,1394,5,1394,25,
Landroid/net/wifi/WifiConfiguration;->validatedInternetAccess:Z,packages/modules/Wifi/framework/java/android/net/wifi/WifiConfiguration.java,1401,5,1401,25,
Landroid/net/wifi/WifiConfiguration;->INVALID_RSSI:I,packages/modules/Wifi/framework/java/android/net/wifi/WifiConfiguration.java,1505,5,1505,88,maxTargetSdk=28&trackingBug=115609023L
Landroid/net/wifi/WifiConfiguration;->numNoInternetAccessReports:I,packages/modules/Wifi/framework/java/android/net/wifi/WifiConfiguration.java,1512,5,1512,88,maxTargetSdk=30&trackingBug=170729553L
Landroid/net/wifi/WifiConfiguration;->noInternetAccessExpected:Z,packages/modules/Wifi/framework/java/android/net/wifi/WifiConfiguration.java,1530,5,1530,88,maxTargetSdk=30&trackingBug=170729553L
Landroid/net/wifi/WifiConfiguration;->selfAdded:Z,packages/modules/Wifi/framework/java/android/net/wifi/WifiConfiguration.java,1592,5,1592,88,maxTargetSdk=30&trackingBug=170729553L
Landroid/net/wifi/WifiConfiguration;->isEnterprise()Z,packages/modules/Wifi/framework/java/android/net/wifi/WifiConfiguration.java,3425,5,3425,25,
Landroid/net/wifi/WifiConfiguration;->getStaticIpConfiguration()Landroid/net/StaticIpConfiguration;,packages/modules/Wifi/framework/java/android/net/wifi/WifiConfiguration.java,3945,5,3945,25,
Landroid/net/wifi/WifiConfiguration;->setStaticIpConfiguration(Landroid/net/StaticIpConfiguration;)V,packages/modules/Wifi/framework/java/android/net/wifi/WifiConfiguration.java,3951,5,3951,25,
Landroid/net/wifi/WifiConfiguration;->getIpAssignment()Landroid/net/IpConfiguration$IpAssignment;,packages/modules/Wifi/framework/java/android/net/wifi/WifiConfiguration.java,3962,5,3962,25,
Landroid/net/wifi/WifiConfiguration;->setIpAssignment(Landroid/net/IpConfiguration$IpAssignment;)V,packages/modules/Wifi/framework/java/android/net/wifi/WifiConfiguration.java,3969,5,3969,25,
Landroid/net/wifi/WifiConfiguration;->getProxySettings()Landroid/net/IpConfiguration$ProxySettings;,packages/modules/Wifi/framework/java/android/net/wifi/WifiConfiguration.java,3980,5,3980,25,
Landroid/net/wifi/WifiConfiguration;->setProxySettings(Landroid/net/IpConfiguration$ProxySettings;)V,packages/modules/Wifi/framework/java/android/net/wifi/WifiConfiguration.java,3986,5,3986,25,
Landroid/net/wifi/WifiConfiguration;->setProxy(Landroid/net/IpConfiguration$ProxySettings;Landroid/net/ProxyInfo;)V,packages/modules/Wifi/framework/java/android/net/wifi/WifiConfiguration.java,4046,5,4046,25,
Landroid/net/wifi/WifiEnterpriseConfig;->mFields:Ljava/util/HashMap;,packages/modules/Wifi/framework/java/android/net/wifi/WifiEnterpriseConfig.java,396,5,396,25,
Landroid/net/wifi/WifiEnterpriseConfig;->setCaCertificateAlias(Ljava/lang/String;)V,packages/modules/Wifi/framework/java/android/net/wifi/WifiEnterpriseConfig.java,979,5,979,25,
Landroid/net/wifi/WifiEnterpriseConfig;->getCaCertificateAlias()Ljava/lang/String;,packages/modules/Wifi/framework/java/android/net/wifi/WifiEnterpriseConfig.java,1030,5,1030,25,
Landroid/net/wifi/WifiInfo;->mBSSID:Ljava/lang/String;,packages/modules/Wifi/framework/java/android/net/wifi/WifiInfo.java,119,5,119,88,maxTargetSdk=28&trackingBug=115609023L
Landroid/net/wifi/WifiInfo;->mWifiSsid:Landroid/net/wifi/WifiSsid;,packages/modules/Wifi/framework/java/android/net/wifi/WifiInfo.java,121,5,121,25,
Landroid/net/wifi/WifiInfo;->mIpAddress:Ljava/net/InetAddress;,packages/modules/Wifi/framework/java/android/net/wifi/WifiInfo.java,269,5,269,25,
Landroid/net/wifi/WifiInfo;->mMacAddress:Ljava/lang/String;,packages/modules/Wifi/framework/java/android/net/wifi/WifiInfo.java,271,5,271,25,
Landroid/net/wifi/WifiInfo;->score:I,packages/modules/Wifi/framework/java/android/net/wifi/WifiInfo.java,433,5,433,25,
Landroid/net/wifi/WifiInfo;-><init>()V,packages/modules/Wifi/framework/java/android/net/wifi/WifiInfo.java,501,5,501,25,
Landroid/net/wifi/WifiInfo;->getWifiSsid()Landroid/net/wifi/WifiSsid;,packages/modules/Wifi/framework/java/android/net/wifi/WifiInfo.java,809,5,809,25,
Landroid/net/wifi/WifiInfo;->setBSSID(Ljava/lang/String;)V,packages/modules/Wifi/framework/java/android/net/wifi/WifiInfo.java,815,5,815,25,
Landroid/net/wifi/WifiInfo;->setRssi(I)V,packages/modules/Wifi/framework/java/android/net/wifi/WifiInfo.java,1006,5,1006,25,
Landroid/net/wifi/WifiInfo;->setLinkSpeed(I)V,packages/modules/Wifi/framework/java/android/net/wifi/WifiInfo.java,1052,5,1052,25,
Landroid/net/wifi/WifiInfo;->is5GHz()Z,packages/modules/Wifi/framework/java/android/net/wifi/WifiInfo.java,1160,5,1160,25,
Landroid/net/wifi/WifiInfo;->setMacAddress(Ljava/lang/String;)V,packages/modules/Wifi/framework/java/android/net/wifi/WifiInfo.java,1178,5,1178,25,
Landroid/net/wifi/WifiInfo;->getMeteredHint()Z,packages/modules/Wifi/framework/java/android/net/wifi/WifiInfo.java,1218,5,1218,25,
Landroid/net/wifi/WifiInfo;->setNetworkId(I)V,packages/modules/Wifi/framework/java/android/net/wifi/WifiInfo.java,1423,5,1423,25,
Landroid/net/wifi/WifiInfo;->setSupplicantState(Landroid/net/wifi/SupplicantState;)V,packages/modules/Wifi/framework/java/android/net/wifi/WifiInfo.java,1452,5,1452,25,
Landroid/net/wifi/WifiInfo;->setSupplicantState(Ljava/lang/String;)V,packages/modules/Wifi/framework/java/android/net/wifi/WifiInfo.java,1508,5,1508,25,
Landroid/net/wifi/WifiInfo;->removeDoubleQuotes(Ljava/lang/String;)Ljava/lang/String;,packages/modules/Wifi/framework/java/android/net/wifi/WifiInfo.java,1537,5,1537,25,
Landroid/net/wifi/WifiInfo;->CREATOR:Landroid/os/Parcelable$Creator;,packages/modules/Wifi/framework/java/android/net/wifi/WifiInfo.java,1685,5,1685,25,
Landroid/net/wifi/WifiManager;->LINK_CONFIGURATION_CHANGED_ACTION:Ljava/lang/String;,packages/modules/Wifi/framework/java/android/net/wifi/WifiManager.java,1715,5,1715,88,maxTargetSdk=30&trackingBug=170729553L
Landroid/net/wifi/WifiManager;->MIN_RSSI:I,packages/modules/Wifi/framework/java/android/net/wifi/WifiManager.java,1920,5,1920,25,
Landroid/net/wifi/WifiManager;->MAX_RSSI:I,packages/modules/Wifi/framework/java/android/net/wifi/WifiManager.java,1924,5,1924,25,
Landroid/net/wifi/WifiManager;->RSSI_LEVELS:I,packages/modules/Wifi/framework/java/android/net/wifi/WifiManager.java,1934,5,1934,88,maxTargetSdk=30&trackingBug=170729553L
Landroid/net/wifi/WifiManager;->WIFI_FREQUENCY_BAND_AUTO:I,packages/modules/Wifi/framework/java/android/net/wifi/WifiManager.java,1943,5,1943,25,
Landroid/net/wifi/WifiManager;->WIFI_FREQUENCY_BAND_5GHZ:I,packages/modules/Wifi/framework/java/android/net/wifi/WifiManager.java,1950,5,1950,25,
Landroid/net/wifi/WifiManager;->WIFI_FREQUENCY_BAND_2GHZ:I,packages/modules/Wifi/framework/java/android/net/wifi/WifiManager.java,1957,5,1957,25,
Landroid/net/wifi/WifiManager;->mActiveLockCount:I,packages/modules/Wifi/framework/java/android/net/wifi/WifiManager.java,2086,5,2086,25,
Landroid/net/wifi/WifiManager;->mService:Landroid/net/wifi/IWifiManager;,packages/modules/Wifi/framework/java/android/net/wifi/WifiManager.java,2090,5,2090,25,
Landroid/net/wifi/WifiManager;->cancelLocalOnlyHotspotRequest()V,packages/modules/Wifi/framework/java/android/net/wifi/WifiManager.java,6117,5,6117,25,
Landroid/net/wifi/WifiManager;->initializeMulticastFiltering()Z,packages/modules/Wifi/framework/java/android/net/wifi/WifiManager.java,8600,5,8600,25,
Landroid/net/wifi/WifiManager;->enableVerboseLogging(I)V,packages/modules/Wifi/framework/java/android/net/wifi/WifiManager.java,8646,5,8649,6,maxTargetSdk=29&publicAlternatives=%22Use+%7B%40code+%23setVerboseLoggingEnabled%28boolean%29%7D+instead.%22
Landroid/net/wifi/WifiNetworkSpecifier$Builder;->setPreferSecondarySta(Z)Landroid/net/wifi/WifiNetworkSpecifier$Builder;,packages/modules/Wifi/framework/java/android/net/wifi/WifiNetworkSpecifier.java,494,18,494,38,
Landroid/net/wifi/WifiNetworkSpecifier;->isPreferSecondarySta()Z,packages/modules/Wifi/framework/java/android/net/wifi/WifiNetworkSpecifier.java,783,5,783,25,
Landroid/net/wifi/WifiSsid;->octets:Ljava/io/ByteArrayOutputStream;,packages/modules/Wifi/framework/java/android/net/wifi/WifiSsid.java,206,5,206,69,publicAlternatives=%22%7B%40link+%23getBytes%28%29%7D%22
Landroid/net/wifi/WifiSsid;->NONE:Ljava/lang/String;,packages/modules/Wifi/framework/java/android/net/wifi/WifiSsid.java,214,5,214,99,publicAlternatives=%22%7B%40link+android.net.wifi.WifiManager%23UNKNOWN_SSID%7D%22
Landroid/net/wifi/WifiSsid;->createFromAsciiEncoded(Ljava/lang/String;)Landroid/net/wifi/WifiSsid;,packages/modules/Wifi/framework/java/android/net/wifi/WifiSsid.java,222,5,222,76,publicAlternatives=%22%7B%40link+%23fromBytes%28byte%5B%5D%29%7D%22
Landroid/net/wifi/WifiSsid;->getOctets()[B,packages/modules/Wifi/framework/java/android/net/wifi/WifiSsid.java,232,5,232,69,publicAlternatives=%22%7B%40link+%23getBytes%28%29%7D%22
Landroid/net/wifi/flags/CustomFeatureFlags;->getDeviceCrossAkmRoamingSupport()Z,out/soong/.intermediates/frameworks/base/android.net.wifi.flags-aconfig-java/android_common_apex30/javac/srcjars/android/net/wifi/flags/CustomFeatureFlags.java,20,5,20,25,
Landroid/net/wifi/flags/CustomFeatureFlags;->hotspotNetworkConnectingStateForDetailsPage()Z,out/soong/.intermediates/frameworks/base/android.net.wifi.flags-aconfig-java/android_common_apex30/javac/srcjars/android/net/wifi/flags/CustomFeatureFlags.java,27,5,27,25,
Landroid/net/wifi/flags/CustomFeatureFlags;->hotspotNetworkUnknownStatusResetsConnectingState()Z,out/soong/.intermediates/frameworks/base/android.net.wifi.flags-aconfig-java/android_common_apex30/javac/srcjars/android/net/wifi/flags/CustomFeatureFlags.java,34,5,34,25,
Landroid/net/wifi/flags/CustomFeatureFlags;->legacyKeystoreToWifiBlobstoreMigrationReadOnly()Z,out/soong/.intermediates/frameworks/base/android.net.wifi.flags-aconfig-java/android_common_apex30/javac/srcjars/android/net/wifi/flags/CustomFeatureFlags.java,41,5,41,25,
Landroid/net/wifi/flags/CustomFeatureFlags;->networkProviderBatteryChargingStatus()Z,out/soong/.intermediates/frameworks/base/android.net.wifi.flags-aconfig-java/android_common_apex30/javac/srcjars/android/net/wifi/flags/CustomFeatureFlags.java,48,5,48,25,
Landroid/net/wifi/flags/CustomFeatureFlags;->usd()Z,out/soong/.intermediates/frameworks/base/android.net.wifi.flags-aconfig-java/android_common_apex30/javac/srcjars/android/net/wifi/flags/CustomFeatureFlags.java,55,5,55,25,
Landroid/net/wifi/flags/FeatureFlags;->getDeviceCrossAkmRoamingSupport()Z,out/soong/.intermediates/frameworks/base/android.net.wifi.flags-aconfig-java/android_common_apex30/javac/srcjars/android/net/wifi/flags/FeatureFlags.java,9,5,9,25,
Landroid/net/wifi/flags/FeatureFlags;->hotspotNetworkConnectingStateForDetailsPage()Z,out/soong/.intermediates/frameworks/base/android.net.wifi.flags-aconfig-java/android_common_apex30/javac/srcjars/android/net/wifi/flags/FeatureFlags.java,13,5,13,25,
Landroid/net/wifi/flags/FeatureFlags;->hotspotNetworkUnknownStatusResetsConnectingState()Z,out/soong/.intermediates/frameworks/base/android.net.wifi.flags-aconfig-java/android_common_apex30/javac/srcjars/android/net/wifi/flags/FeatureFlags.java,17,5,17,25,
Landroid/net/wifi/flags/FeatureFlags;->legacyKeystoreToWifiBlobstoreMigrationReadOnly()Z,out/soong/.intermediates/frameworks/base/android.net.wifi.flags-aconfig-java/android_common_apex30/javac/srcjars/android/net/wifi/flags/FeatureFlags.java,21,5,21,25,
Landroid/net/wifi/flags/FeatureFlags;->networkProviderBatteryChargingStatus()Z,out/soong/.intermediates/frameworks/base/android.net.wifi.flags-aconfig-java/android_common_apex30/javac/srcjars/android/net/wifi/flags/FeatureFlags.java,25,5,25,25,
Landroid/net/wifi/flags/FeatureFlags;->usd()Z,out/soong/.intermediates/frameworks/base/android.net.wifi.flags-aconfig-java/android_common_apex30/javac/srcjars/android/net/wifi/flags/FeatureFlags.java,29,5,29,25,
Landroid/net/wifi/flags/FeatureFlagsImpl;->getDeviceCrossAkmRoamingSupport()Z,out/soong/.intermediates/frameworks/base/android.net.wifi.flags-aconfig-java/android_common_apex30/javac/srcjars/android/net/wifi/flags/FeatureFlagsImpl.java,8,5,8,25,
Landroid/net/wifi/flags/FeatureFlagsImpl;->hotspotNetworkConnectingStateForDetailsPage()Z,out/soong/.intermediates/frameworks/base/android.net.wifi.flags-aconfig-java/android_common_apex30/javac/srcjars/android/net/wifi/flags/FeatureFlagsImpl.java,15,5,15,25,
Landroid/net/wifi/flags/FeatureFlagsImpl;->hotspotNetworkUnknownStatusResetsConnectingState()Z,out/soong/.intermediates/frameworks/base/android.net.wifi.flags-aconfig-java/android_common_apex30/javac/srcjars/android/net/wifi/flags/FeatureFlagsImpl.java,22,5,22,25,
Landroid/net/wifi/flags/FeatureFlagsImpl;->legacyKeystoreToWifiBlobstoreMigrationReadOnly()Z,out/soong/.intermediates/frameworks/base/android.net.wifi.flags-aconfig-java/android_common_apex30/javac/srcjars/android/net/wifi/flags/FeatureFlagsImpl.java,29,5,29,25,
Landroid/net/wifi/flags/FeatureFlagsImpl;->networkProviderBatteryChargingStatus()Z,out/soong/.intermediates/frameworks/base/android.net.wifi.flags-aconfig-java/android_common_apex30/javac/srcjars/android/net/wifi/flags/FeatureFlagsImpl.java,36,5,36,25,
Landroid/net/wifi/flags/FeatureFlagsImpl;->usd()Z,out/soong/.intermediates/frameworks/base/android.net.wifi.flags-aconfig-java/android_common_apex30/javac/srcjars/android/net/wifi/flags/FeatureFlagsImpl.java,43,5,43,25,
Landroid/net/wifi/flags/Flags;->getDeviceCrossAkmRoamingSupport()Z,out/soong/.intermediates/frameworks/base/android.net.wifi.flags-aconfig-java/android_common_apex30/javac/srcjars/android/net/wifi/flags/Flags.java,21,5,21,25,
Landroid/net/wifi/flags/Flags;->hotspotNetworkConnectingStateForDetailsPage()Z,out/soong/.intermediates/frameworks/base/android.net.wifi.flags-aconfig-java/android_common_apex30/javac/srcjars/android/net/wifi/flags/Flags.java,27,5,27,25,
Landroid/net/wifi/flags/Flags;->hotspotNetworkUnknownStatusResetsConnectingState()Z,out/soong/.intermediates/frameworks/base/android.net.wifi.flags-aconfig-java/android_common_apex30/javac/srcjars/android/net/wifi/flags/Flags.java,33,5,33,25,
Landroid/net/wifi/flags/Flags;->legacyKeystoreToWifiBlobstoreMigrationReadOnly()Z,out/soong/.intermediates/frameworks/base/android.net.wifi.flags-aconfig-java/android_common_apex30/javac/srcjars/android/net/wifi/flags/Flags.java,39,5,39,25,
Landroid/net/wifi/flags/Flags;->networkProviderBatteryChargingStatus()Z,out/soong/.intermediates/frameworks/base/android.net.wifi.flags-aconfig-java/android_common_apex30/javac/srcjars/android/net/wifi/flags/Flags.java,45,5,45,25,
Landroid/net/wifi/flags/Flags;->usd()Z,out/soong/.intermediates/frameworks/base/android.net.wifi.flags-aconfig-java/android_common_apex30/javac/srcjars/android/net/wifi/flags/Flags.java,51,5,51,25,
Landroid/net/wifi/p2p/WifiP2pConfig;->netId:I,packages/modules/Wifi/framework/java/android/net/wifi/p2p/WifiP2pConfig.java,205,5,205,88,maxTargetSdk=30&trackingBug=170729553L
Landroid/net/wifi/p2p/WifiP2pConfig;-><init>(Ljava/lang/String;)V,packages/modules/Wifi/framework/java/android/net/wifi/p2p/WifiP2pConfig.java,430,5,430,25,
Landroid/net/wifi/p2p/WifiP2pDevice;->wpsConfigMethodsSupported:I,packages/modules/Wifi/framework/java/android/net/wifi/p2p/WifiP2pDevice.java,128,5,128,25,
Landroid/net/wifi/p2p/WifiP2pDevice;->deviceCapability:I,packages/modules/Wifi/framework/java/android/net/wifi/p2p/WifiP2pDevice.java,135,5,135,25,
Landroid/net/wifi/p2p/WifiP2pDevice;->groupCapability:I,packages/modules/Wifi/framework/java/android/net/wifi/p2p/WifiP2pDevice.java,142,5,142,25,
Landroid/net/wifi/p2p/WifiP2pDevice;->wfdInfo:Landroid/net/wifi/p2p/WifiP2pWfdInfo;,packages/modules/Wifi/framework/java/android/net/wifi/p2p/WifiP2pDevice.java,155,5,155,25,
Landroid/net/wifi/p2p/WifiP2pDevice;-><init>(Ljava/lang/String;)V,packages/modules/Wifi/framework/java/android/net/wifi/p2p/WifiP2pDevice.java,244,5,244,88,maxTargetSdk=30&trackingBug=170729553L
Landroid/net/wifi/p2p/WifiP2pDeviceList;->update(Landroid/net/wifi/p2p/WifiP2pDevice;)V,packages/modules/Wifi/framework/java/android/net/wifi/p2p/WifiP2pDeviceList.java,88,5,88,88,maxTargetSdk=30&trackingBug=170729553L
Landroid/net/wifi/p2p/WifiP2pDeviceList;->remove(Ljava/lang/String;)Landroid/net/wifi/p2p/WifiP2pDevice;,packages/modules/Wifi/framework/java/android/net/wifi/p2p/WifiP2pDeviceList.java,156,5,156,25,
Landroid/net/wifi/p2p/WifiP2pGroup;->TEMPORARY_NET_ID:I,packages/modules/Wifi/framework/java/android/net/wifi/p2p/WifiP2pGroup.java,70,5,70,25,
Landroid/net/wifi/p2p/WifiP2pGroup;->interfaceAddress:[B,packages/modules/Wifi/framework/java/android/net/wifi/p2p/WifiP2pGroup.java,120,5,120,25,
Landroid/net/wifi/p2p/WifiP2pGroup;-><init>(Ljava/lang/String;)V,packages/modules/Wifi/framework/java/android/net/wifi/p2p/WifiP2pGroup.java,218,5,218,25,
Landroid/net/wifi/p2p/WifiP2pGroup;->setIsGroupOwner(Z)V,packages/modules/Wifi/framework/java/android/net/wifi/p2p/WifiP2pGroup.java,294,5,294,25,
Landroid/net/wifi/p2p/WifiP2pGroup;->isClientListEmpty()Z,packages/modules/Wifi/framework/java/android/net/wifi/p2p/WifiP2pGroup.java,376,5,376,25,
Landroid/net/wifi/p2p/WifiP2pGroup;->setInterface(Ljava/lang/String;)V,packages/modules/Wifi/framework/java/android/net/wifi/p2p/WifiP2pGroup.java,434,5,434,25,
Landroid/net/wifi/p2p/WifiP2pGroup;->setNetworkId(I)V,packages/modules/Wifi/framework/java/android/net/wifi/p2p/WifiP2pGroup.java,450,5,450,25,
Landroid/net/wifi/p2p/WifiP2pGroupList;->mGroups:Landroid/util/LruCache;,packages/modules/Wifi/framework/java/android/net/wifi/p2p/WifiP2pGroupList.java,42,5,42,25,
Landroid/net/wifi/p2p/WifiP2pGroupList;-><init>(Landroid/net/wifi/p2p/WifiP2pGroupList;Landroid/net/wifi/p2p/WifiP2pGroupList$GroupDeleteListener;)V,packages/modules/Wifi/framework/java/android/net/wifi/p2p/WifiP2pGroupList.java,59,5,59,25,
Landroid/net/wifi/p2p/WifiP2pManager$Channel;->mAsyncChannel:Lcom/android/internal/util/AsyncChannel;,packages/modules/Wifi/framework/java/android/net/wifi/p2p/WifiP2pManager.java,1790,9,1790,29,
Landroid/net/wifi/p2p/WifiP2pManager$Channel;->putListener(Ljava/lang/Object;)I,packages/modules/Wifi/framework/java/android/net/wifi/p2p/WifiP2pManager.java,2071,9,2071,92,maxTargetSdk=30&trackingBug=170729553L
Landroid/net/wifi/p2p/WifiP2pManager;->CREATE_GROUP:I,packages/modules/Wifi/framework/java/android/net/wifi/p2p/WifiP2pManager.java,675,5,675,88,maxTargetSdk=30&trackingBug=170729553L
Landroid/net/wifi/p2p/WifiP2pManager;-><init>(Landroid/net/wifi/p2p/IWifiP2pManager;)V,packages/modules/Wifi/framework/java/android/net/wifi/p2p/WifiP2pManager.java,938,5,938,88,maxTargetSdk=28&trackingBug=115609023L
Landroid/net/wifi/p2p/WifiP2pManager;->startWps(Landroid/net/wifi/p2p/WifiP2pManager$Channel;Landroid/net/wifi/WpsInfo;Landroid/net/wifi/p2p/WifiP2pManager$ActionListener;)V,packages/modules/Wifi/framework/java/android/net/wifi/p2p/WifiP2pManager.java,2696,5,2696,50,trackingBug=185141982L
Landroid/net/wifi/p2p/WifiP2pManager;->setWFDInfo(Landroid/net/wifi/p2p/WifiP2pManager$Channel;Landroid/net/wifi/p2p/WifiP2pWfdInfo;Landroid/net/wifi/p2p/WifiP2pManager$ActionListener;)V,packages/modules/Wifi/framework/java/android/net/wifi/p2p/WifiP2pManager.java,3175,5,3175,88,maxTargetSdk=30&trackingBug=170729553L
Landroid/net/wifi/p2p/WifiP2pProvDiscEvent;->event:I,packages/modules/Wifi/framework/java/android/net/wifi/p2p/WifiP2pProvDiscEvent.java,58,5,58,25,
Landroid/net/wifi/p2p/WifiP2pProvDiscEvent;->device:Landroid/net/wifi/p2p/WifiP2pDevice;,packages/modules/Wifi/framework/java/android/net/wifi/p2p/WifiP2pProvDiscEvent.java,61,5,61,25,
Landroid/net/wifi/p2p/WifiP2pProvDiscEvent;->wpsPin:Ljava/lang/String;,packages/modules/Wifi/framework/java/android/net/wifi/p2p/WifiP2pProvDiscEvent.java,67,5,67,25,
Landroid/net/wifi/p2p/WifiP2pProvDiscEvent;->isComeback:Z,packages/modules/Wifi/framework/java/android/net/wifi/p2p/WifiP2pProvDiscEvent.java,73,5,73,25,
Landroid/net/wifi/p2p/WifiP2pProvDiscEvent;-><init>()V,packages/modules/Wifi/framework/java/android/net/wifi/p2p/WifiP2pProvDiscEvent.java,94,5,94,25,
Landroid/net/wifi/p2p/WifiP2pWfdInfo;-><init>(III)V,packages/modules/Wifi/framework/java/android/net/wifi/p2p/WifiP2pWfdInfo.java,205,5,205,25,
Landroid/net/wifi/p2p/nsd/WifiP2pDnsSdServiceInfo;->createRequest(Ljava/lang/String;II)Ljava/lang/String;,packages/modules/Wifi/framework/java/android/net/wifi/p2p/nsd/WifiP2pDnsSdServiceInfo.java,179,5,179,88,maxTargetSdk=28&trackingBug=115609023L
Landroid/net/wifi/p2p/nsd/WifiP2pServiceInfo;->mQueryList:Ljava/util/List;,packages/modules/Wifi/framework/java/android/net/wifi/p2p/nsd/WifiP2pServiceInfo.java,96,5,96,88,maxTargetSdk=28&trackingBug=115609023L
Landroid/net/wifi/p2p/nsd/WifiP2pServiceInfo;-><init>(Ljava/util/List;)V,packages/modules/Wifi/framework/java/android/net/wifi/p2p/nsd/WifiP2pServiceInfo.java,127,5,127,88,maxTargetSdk=28&trackingBug=115609023L
Landroid/net/wifi/p2p/nsd/WifiP2pServiceInfo;->CREATOR:Landroid/os/Parcelable$Creator;,packages/modules/Wifi/framework/java/android/net/wifi/p2p/nsd/WifiP2pServiceInfo.java,293,5,293,88,maxTargetSdk=30&trackingBug=170729553L
Landroid/net/wifi/p2p/nsd/WifiP2pServiceRequest;-><init>(ILjava/lang/String;)V,packages/modules/Wifi/framework/java/android/net/wifi/p2p/nsd/WifiP2pServiceRequest.java,103,5,103,88,maxTargetSdk=28&trackingBug=115609023L
Landroid/net/wifi/p2p/nsd/WifiP2pServiceRequest;->CREATOR:Landroid/os/Parcelable$Creator;,packages/modules/Wifi/framework/java/android/net/wifi/p2p/nsd/WifiP2pServiceRequest.java,358,5,358,88,maxTargetSdk=30&trackingBug=170729553L
Lcom/android/internal/util/AsyncChannel;->CMD_CHANNEL_HALF_CONNECTED:I,frameworks/base/core/java/com/android/internal/util/AsyncChannel.java,110,5,110,25,
Lcom/android/internal/util/AsyncChannel;->CMD_CHANNEL_FULL_CONNECTION:I,frameworks/base/core/java/com/android/internal/util/AsyncChannel.java,120,5,120,25,
Lcom/android/internal/util/AsyncChannel;->cmdToString(I)Ljava/lang/String;,frameworks/base/core/java/com/android/internal/util/AsyncChannel.java,166,5,166,88,maxTargetSdk=28&trackingBug=115609023L
Lcom/android/internal/util/AsyncChannel;->STATUS_SUCCESSFUL:I,frameworks/base/core/java/com/android/internal/util/AsyncChannel.java,177,5,177,25,
Lcom/android/internal/util/AsyncChannel;-><init>()V,frameworks/base/core/java/com/android/internal/util/AsyncChannel.java,213,5,213,25,
Lcom/android/internal/util/AsyncChannel;->connectSync(Landroid/content/Context;Landroid/os/Handler;Landroid/os/Messenger;)I,frameworks/base/core/java/com/android/internal/util/AsyncChannel.java,265,5,265,25,
Lcom/android/internal/util/AsyncChannel;->connect(Landroid/content/Context;Landroid/os/Handler;Landroid/os/Messenger;)V,frameworks/base/core/java/com/android/internal/util/AsyncChannel.java,381,5,381,25,
Lcom/android/internal/util/AsyncChannel;->connected(Landroid/content/Context;Landroid/os/Handler;Landroid/os/Messenger;)V,frameworks/base/core/java/com/android/internal/util/AsyncChannel.java,404,5,404,88,maxTargetSdk=30&trackingBug=170729553L
Lcom/android/internal/util/AsyncChannel;->disconnect()V,frameworks/base/core/java/com/android/internal/util/AsyncChannel.java,459,5,459,25,
Lcom/android/internal/util/AsyncChannel;->sendMessage(Landroid/os/Message;)V,frameworks/base/core/java/com/android/internal/util/AsyncChannel.java,489,5,489,25,
Lcom/android/internal/util/AsyncChannel;->sendMessage(I)V,frameworks/base/core/java/com/android/internal/util/AsyncChannel.java,504,5,504,25,
Lcom/android/internal/util/AsyncChannel;->sendMessage(II)V,frameworks/base/core/java/com/android/internal/util/AsyncChannel.java,517,5,517,88,maxTargetSdk=30&trackingBug=170729553L
Lcom/android/internal/util/AsyncChannel;->sendMessage(III)V,frameworks/base/core/java/com/android/internal/util/AsyncChannel.java,532,5,532,25,
Lcom/android/internal/util/AsyncChannel;->sendMessage(IIILjava/lang/Object;)V,frameworks/base/core/java/com/android/internal/util/AsyncChannel.java,549,5,549,25,
Lcom/android/internal/util/AsyncChannel;->replyToMessage(Landroid/os/Message;Landroid/os/Message;)V,frameworks/base/core/java/com/android/internal/util/AsyncChannel.java,578,5,578,25,
Lcom/android/internal/util/AsyncChannel;->replyToMessage(Landroid/os/Message;I)V,frameworks/base/core/java/com/android/internal/util/AsyncChannel.java,595,5,595,88,maxTargetSdk=28&trackingBug=115609023L
Lcom/android/internal/util/AsyncChannel;->replyToMessage(Landroid/os/Message;II)V,frameworks/base/core/java/com/android/internal/util/AsyncChannel.java,609,5,609,88,maxTargetSdk=30&trackingBug=170729553L
Lcom/android/internal/util/AsyncChannel;->replyToMessage(Landroid/os/Message;IIILjava/lang/Object;)V,frameworks/base/core/java/com/android/internal/util/AsyncChannel.java,642,5,642,88,maxTargetSdk=30&trackingBug=170729553L
Lcom/android/internal/util/AsyncChannel;->replyToMessage(Landroid/os/Message;ILjava/lang/Object;)V,frameworks/base/core/java/com/android/internal/util/AsyncChannel.java,659,5,659,88,maxTargetSdk=30&trackingBug=170729553L
Lcom/android/internal/util/AsyncChannel;->sendMessageSynchronously(Landroid/os/Message;)Landroid/os/Message;,frameworks/base/core/java/com/android/internal/util/AsyncChannel.java,673,5,673,88,maxTargetSdk=30&trackingBug=170729553L
Lcom/android/internal/util/AsyncChannel;->sendMessageSynchronously(III)Landroid/os/Message;,frameworks/base/core/java/com/android/internal/util/AsyncChannel.java,715,5,715,88,maxTargetSdk=30&trackingBug=170729553L
Lcom/android/internal/util/IState;->getName()Ljava/lang/String;,frameworks/libs/modules-utils/java/com/android/internal/util/IState.java,71,5,71,25,
Lcom/android/internal/util/Preconditions;->checkArgument(Z)V,frameworks/libs/modules-utils/java/com/android/internal/util/Preconditions.java,44,5,44,25,
Lcom/android/internal/util/Preconditions;->checkArgument(ZLjava/lang/Object;)V,frameworks/libs/modules-utils/java/com/android/internal/util/Preconditions.java,59,5,59,88,maxTargetSdk=30&trackingBug=170729553L
Lcom/android/internal/util/Preconditions;->checkNotNull(Ljava/lang/Object;)Ljava/lang/Object;,frameworks/libs/modules-utils/java/com/android/internal/util/Preconditions.java,149,5,149,25,
Lcom/android/internal/util/Preconditions;->checkNotNull(Ljava/lang/Object;Ljava/lang/Object;)Ljava/lang/Object;,frameworks/libs/modules-utils/java/com/android/internal/util/Preconditions.java,169,5,169,25,
Lcom/android/internal/util/Preconditions;->checkState(Z)V,frameworks/libs/modules-utils/java/com/android/internal/util/Preconditions.java,205,5,205,25,
Lcom/android/internal/util/Preconditions;->checkState(ZLjava/lang/String;)V,frameworks/libs/modules-utils/java/com/android/internal/util/Preconditions.java,219,5,219,88,maxTargetSdk=30&trackingBug=170729553L
Lcom/android/internal/util/Preconditions;->checkArgumentInRange(IIILjava/lang/String;)I,frameworks/libs/modules-utils/java/com/android/internal/util/Preconditions.java,529,5,529,88,maxTargetSdk=30&trackingBug=170729553L
Lcom/android/internal/util/State;-><init>()V,frameworks/libs/modules-utils/java/com/android/internal/util/State.java,35,5,35,25,
Lcom/android/internal/util/State;->enter()V,frameworks/libs/modules-utils/java/com/android/internal/util/State.java,42,5,42,25,
Lcom/android/internal/util/State;->exit()V,frameworks/libs/modules-utils/java/com/android/internal/util/State.java,50,5,50,88,maxTargetSdk=30&trackingBug=170729553L
Lcom/android/internal/util/State;->processMessage(Landroid/os/Message;)Z,frameworks/libs/modules-utils/java/com/android/internal/util/State.java,58,5,58,25,
Lcom/android/internal/util/State;->getName()Ljava/lang/String;,frameworks/libs/modules-utils/java/com/android/internal/util/State.java,76,5,76,25,
Lcom/android/internal/util/StateMachine;-><init>(Ljava/lang/String;)V,frameworks/libs/modules-utils/java/com/android/internal/util/StateMachine.java,1304,5,1304,25,
Lcom/android/internal/util/StateMachine;-><init>(Ljava/lang/String;Landroid/os/Looper;)V,frameworks/libs/modules-utils/java/com/android/internal/util/StateMachine.java,1318,5,1318,25,
Lcom/android/internal/util/StateMachine;-><init>(Ljava/lang/String;Landroid/os/Handler;)V,frameworks/libs/modules-utils/java/com/android/internal/util/StateMachine.java,1328,5,1328,88,maxTargetSdk=30&trackingBug=170729553L
Lcom/android/internal/util/StateMachine;->addState(Lcom/android/internal/util/State;)V,frameworks/libs/modules-utils/java/com/android/internal/util/StateMachine.java,1361,5,1361,88,maxTargetSdk=30&trackingBug=170729553L
Lcom/android/internal/util/StateMachine;->setInitialState(Lcom/android/internal/util/State;)V,frameworks/libs/modules-utils/java/com/android/internal/util/StateMachine.java,1380,5,1380,88,maxTargetSdk=30&trackingBug=170729553L
Lcom/android/internal/util/StateMachine;->transitionTo(Lcom/android/internal/util/IState;)V,frameworks/libs/modules-utils/java/com/android/internal/util/StateMachine.java,1419,5,1419,88,maxTargetSdk=30&trackingBug=170729553L
Lcom/android/internal/util/StateMachine;->obtainMessage(III)Landroid/os/Message;,frameworks/libs/modules-utils/java/com/android/internal/util/StateMachine.java,1684,5,1684,25,
Lcom/android/internal/util/StateMachine;->obtainMessage(IIILjava/lang/Object;)Landroid/os/Message;,frameworks/libs/modules-utils/java/com/android/internal/util/StateMachine.java,1704,5,1704,88,maxTargetSdk=30&trackingBug=170729553L
Lcom/android/internal/util/StateMachine;->sendMessage(I)V,frameworks/libs/modules-utils/java/com/android/internal/util/StateMachine.java,1714,5,1714,25,
Lcom/android/internal/util/StateMachine;->sendMessage(ILjava/lang/Object;)V,frameworks/libs/modules-utils/java/com/android/internal/util/StateMachine.java,1728,5,1728,25,
Lcom/android/internal/util/StateMachine;->sendMessage(II)V,frameworks/libs/modules-utils/java/com/android/internal/util/StateMachine.java,1742,5,1742,88,maxTargetSdk=30&trackingBug=170729553L
Lcom/android/internal/util/StateMachine;->sendMessage(IIILjava/lang/Object;)V,frameworks/libs/modules-utils/java/com/android/internal/util/StateMachine.java,1769,5,1769,88,maxTargetSdk=30&trackingBug=170729553L
Lcom/android/internal/util/StateMachine;->sendMessage(Landroid/os/Message;)V,frameworks/libs/modules-utils/java/com/android/internal/util/StateMachine.java,1783,5,1783,25,
Lcom/android/internal/util/StateMachine;->start()V,frameworks/libs/modules-utils/java/com/android/internal/util/StateMachine.java,2070,5,2070,88,maxTargetSdk=30&trackingBug=170729553L
Lcom/android/internal/util/StateMachine;->dump(Ljava/io/FileDescriptor;Ljava/io/PrintWriter;[Ljava/lang/String;)V,frameworks/libs/modules-utils/java/com/android/internal/util/StateMachine.java,2087,5,2087,88,maxTargetSdk=30&trackingBug=170729553L
Lcom/android/ranging/flags/CustomFeatureFlags;->rangingCsEnabled()Z,out/soong/.intermediates/packages/modules/Uwb/ranging/flags/ranging_aconfig_flags_lib/android_common_apex30/javac/srcjars/com/android/ranging/flags/CustomFeatureFlags.java,20,5,20,25,
Lcom/android/ranging/flags/CustomFeatureFlags;->rangingRttEnabled()Z,out/soong/.intermediates/packages/modules/Uwb/ranging/flags/ranging_aconfig_flags_lib/android_common_apex30/javac/srcjars/com/android/ranging/flags/CustomFeatureFlags.java,27,5,27,25,
Lcom/android/ranging/flags/CustomFeatureFlags;->rangingStackEnabled()Z,out/soong/.intermediates/packages/modules/Uwb/ranging/flags/ranging_aconfig_flags_lib/android_common_apex30/javac/srcjars/com/android/ranging/flags/CustomFeatureFlags.java,34,5,34,25,
Lcom/android/ranging/flags/CustomFeatureFlags;->rangingStackUpdates25q4()Z,out/soong/.intermediates/packages/modules/Uwb/ranging/flags/ranging_aconfig_flags_lib/android_common_apex30/javac/srcjars/com/android/ranging/flags/CustomFeatureFlags.java,41,5,41,25,
Lcom/android/ranging/flags/FeatureFlags;->rangingCsEnabled()Z,out/soong/.intermediates/packages/modules/Uwb/ranging/flags/ranging_aconfig_flags_lib/android_common_apex30/javac/srcjars/com/android/ranging/flags/FeatureFlags.java,9,5,9,25,
Lcom/android/ranging/flags/FeatureFlags;->rangingRttEnabled()Z,out/soong/.intermediates/packages/modules/Uwb/ranging/flags/ranging_aconfig_flags_lib/android_common_apex30/javac/srcjars/com/android/ranging/flags/FeatureFlags.java,13,5,13,25,
Lcom/android/ranging/flags/FeatureFlags;->rangingStackEnabled()Z,out/soong/.intermediates/packages/modules/Uwb/ranging/flags/ranging_aconfig_flags_lib/android_common_apex30/javac/srcjars/com/android/ranging/flags/FeatureFlags.java,17,5,17,25,
Lcom/android/ranging/flags/FeatureFlags;->rangingStackUpdates25q4()Z,out/soong/.intermediates/packages/modules/Uwb/ranging/flags/ranging_aconfig_flags_lib/android_common_apex30/javac/srcjars/com/android/ranging/flags/FeatureFlags.java,21,5,21,25,
Lcom/android/ranging/flags/FeatureFlagsImpl;->rangingCsEnabled()Z,out/soong/.intermediates/packages/modules/Uwb/ranging/flags/ranging_aconfig_flags_lib/android_common_apex30/javac/srcjars/com/android/ranging/flags/FeatureFlagsImpl.java,8,5,8,25,
Lcom/android/ranging/flags/FeatureFlagsImpl;->rangingRttEnabled()Z,out/soong/.intermediates/packages/modules/Uwb/ranging/flags/ranging_aconfig_flags_lib/android_common_apex30/javac/srcjars/com/android/ranging/flags/FeatureFlagsImpl.java,15,5,15,25,
Lcom/android/ranging/flags/FeatureFlagsImpl;->rangingStackEnabled()Z,out/soong/.intermediates/packages/modules/Uwb/ranging/flags/ranging_aconfig_flags_lib/android_common_apex30/javac/srcjars/com/android/ranging/flags/FeatureFlagsImpl.java,22,5,22,25,
Lcom/android/ranging/flags/FeatureFlagsImpl;->rangingStackUpdates25q4()Z,out/soong/.intermediates/packages/modules/Uwb/ranging/flags/ranging_aconfig_flags_lib/android_common_apex30/javac/srcjars/com/android/ranging/flags/FeatureFlagsImpl.java,29,5,29,25,
Lcom/android/ranging/flags/Flags;->rangingCsEnabled()Z,out/soong/.intermediates/packages/modules/Uwb/ranging/flags/ranging_aconfig_flags_lib/android_common_apex30/javac/srcjars/com/android/ranging/flags/Flags.java,17,5,17,25,
Lcom/android/ranging/flags/Flags;->rangingRttEnabled()Z,out/soong/.intermediates/packages/modules/Uwb/ranging/flags/ranging_aconfig_flags_lib/android_common_apex30/javac/srcjars/com/android/ranging/flags/Flags.java,23,5,23,25,
Lcom/android/ranging/flags/Flags;->rangingStackEnabled()Z,out/soong/.intermediates/packages/modules/Uwb/ranging/flags/ranging_aconfig_flags_lib/android_common_apex30/javac/srcjars/com/android/ranging/flags/Flags.java,29,5,29,25,
Lcom/android/ranging/flags/Flags;->rangingStackUpdates25q4()Z,out/soong/.intermediates/packages/modules/Uwb/ranging/flags/ranging_aconfig_flags_lib/android_common_apex30/javac/srcjars/com/android/ranging/flags/Flags.java,35,5,35,25,
Lcom/android/wifi/flags/CustomFeatureFlags;->androidVWifiApi()Z,out/soong/.intermediates/packages/modules/Wifi/framework/framework-wifi.impl/android_common_apex30/javac/srcjars/com/android/wifi/flags/CustomFeatureFlags.java,20,5,20,25,
Lcom/android/wifi/flags/CustomFeatureFlags;->anqpRequestWaitForResponse()Z,out/soong/.intermediates/packages/modules/Wifi/framework/framework-wifi.impl/android_common_apex30/javac/srcjars/com/android/wifi/flags/CustomFeatureFlags.java,27,5,27,25,
Lcom/android/wifi/flags/CustomFeatureFlags;->apIsolate()Z,out/soong/.intermediates/packages/modules/Wifi/framework/framework-wifi.impl/android_common_apex30/javac/srcjars/com/android/wifi/flags/CustomFeatureFlags.java,34,5,34,25,
Lcom/android/wifi/flags/CustomFeatureFlags;->autojoinRestrictionSecurityTypesApi()Z,out/soong/.intermediates/packages/modules/Wifi/framework/framework-wifi.impl/android_common_apex30/javac/srcjars/com/android/wifi/flags/CustomFeatureFlags.java,41,5,41,25,
Lcom/android/wifi/flags/CustomFeatureFlags;->awarePairing()Z,out/soong/.intermediates/packages/modules/Wifi/framework/framework-wifi.impl/android_common_apex30/javac/srcjars/com/android/wifi/flags/CustomFeatureFlags.java,48,5,48,25,
Lcom/android/wifi/flags/CustomFeatureFlags;->bssidBlocklistForSuggestion()Z,out/soong/.intermediates/packages/modules/Wifi/framework/framework-wifi.impl/android_common_apex30/javac/srcjars/com/android/wifi/flags/CustomFeatureFlags.java,55,5,55,25,
Lcom/android/wifi/flags/CustomFeatureFlags;->d2dWhenInfraStaOff()Z,out/soong/.intermediates/packages/modules/Wifi/framework/framework-wifi.impl/android_common_apex30/javac/srcjars/com/android/wifi/flags/CustomFeatureFlags.java,62,5,62,25,
Lcom/android/wifi/flags/CustomFeatureFlags;->delaySaveToStore()Z,out/soong/.intermediates/packages/modules/Wifi/framework/framework-wifi.impl/android_common_apex30/javac/srcjars/com/android/wifi/flags/CustomFeatureFlags.java,69,5,69,25,
Lcom/android/wifi/flags/CustomFeatureFlags;->delayedCarrierNetworkSelection()Z,out/soong/.intermediates/packages/modules/Wifi/framework/framework-wifi.impl/android_common_apex30/javac/srcjars/com/android/wifi/flags/CustomFeatureFlags.java,76,5,76,25,
Lcom/android/wifi/flags/CustomFeatureFlags;->getBssidBlocklistApi()Z,out/soong/.intermediates/packages/modules/Wifi/framework/framework-wifi.impl/android_common_apex30/javac/srcjars/com/android/wifi/flags/CustomFeatureFlags.java,83,5,83,25,
Lcom/android/wifi/flags/CustomFeatureFlags;->getChannelWidthApi()Z,out/soong/.intermediates/packages/modules/Wifi/framework/framework-wifi.impl/android_common_apex30/javac/srcjars/com/android/wifi/flags/CustomFeatureFlags.java,90,5,90,25,
Lcom/android/wifi/flags/CustomFeatureFlags;->localOnlyConnectionOptimization()Z,out/soong/.intermediates/packages/modules/Wifi/framework/framework-wifi.impl/android_common_apex30/javac/srcjars/com/android/wifi/flags/CustomFeatureFlags.java,97,5,97,25,
Lcom/android/wifi/flags/CustomFeatureFlags;->mainlineSupplicant()Z,out/soong/.intermediates/packages/modules/Wifi/framework/framework-wifi.impl/android_common_apex30/javac/srcjars/com/android/wifi/flags/CustomFeatureFlags.java,104,5,104,25,
Lcom/android/wifi/flags/CustomFeatureFlags;->mloSap()Z,out/soong/.intermediates/packages/modules/Wifi/framework/framework-wifi.impl/android_common_apex30/javac/srcjars/com/android/wifi/flags/CustomFeatureFlags.java,111,5,111,25,
Lcom/android/wifi/flags/CustomFeatureFlags;->monitorIntentForAllUsers()Z,out/soong/.intermediates/packages/modules/Wifi/framework/framework-wifi.impl/android_common_apex30/javac/srcjars/com/android/wifi/flags/CustomFeatureFlags.java,118,5,118,25,
Lcom/android/wifi/flags/CustomFeatureFlags;->multipleMldOnSapSupported()Z,out/soong/.intermediates/packages/modules/Wifi/framework/framework-wifi.impl/android_common_apex30/javac/srcjars/com/android/wifi/flags/CustomFeatureFlags.java,125,5,125,25,
Lcom/android/wifi/flags/CustomFeatureFlags;->networkProviderBatteryChargingStatus()Z,out/soong/.intermediates/packages/modules/Wifi/framework/framework-wifi.impl/android_common_apex30/javac/srcjars/com/android/wifi/flags/CustomFeatureFlags.java,132,5,132,25,
Lcom/android/wifi/flags/CustomFeatureFlags;->newUriParsingForEscapeCharacter()Z,out/soong/.intermediates/packages/modules/Wifi/framework/framework-wifi.impl/android_common_apex30/javac/srcjars/com/android/wifi/flags/CustomFeatureFlags.java,139,5,139,25,
Lcom/android/wifi/flags/CustomFeatureFlags;->p2pDialog2()Z,out/soong/.intermediates/packages/modules/Wifi/framework/framework-wifi.impl/android_common_apex30/javac/srcjars/com/android/wifi/flags/CustomFeatureFlags.java,146,5,146,25,
Lcom/android/wifi/flags/CustomFeatureFlags;->publicBandsForLohs()Z,out/soong/.intermediates/packages/modules/Wifi/framework/framework-wifi.impl/android_common_apex30/javac/srcjars/com/android/wifi/flags/CustomFeatureFlags.java,153,5,153,25,
Lcom/android/wifi/flags/CustomFeatureFlags;->rsnOverriding()Z,out/soong/.intermediates/packages/modules/Wifi/framework/framework-wifi.impl/android_common_apex30/javac/srcjars/com/android/wifi/flags/CustomFeatureFlags.java,160,5,160,25,
Lcom/android/wifi/flags/CustomFeatureFlags;->secureRanging()Z,out/soong/.intermediates/packages/modules/Wifi/framework/framework-wifi.impl/android_common_apex30/javac/srcjars/com/android/wifi/flags/CustomFeatureFlags.java,167,5,167,25,
Lcom/android/wifi/flags/CustomFeatureFlags;->sharedConnectivityBroadcastReceiverTestApi()Z,out/soong/.intermediates/packages/modules/Wifi/framework/framework-wifi.impl/android_common_apex30/javac/srcjars/com/android/wifi/flags/CustomFeatureFlags.java,174,5,174,25,
Lcom/android/wifi/flags/CustomFeatureFlags;->singleWifiThread()Z,out/soong/.intermediates/packages/modules/Wifi/framework/framework-wifi.impl/android_common_apex30/javac/srcjars/com/android/wifi/flags/CustomFeatureFlags.java,181,5,181,25,
Lcom/android/wifi/flags/CustomFeatureFlags;->softapConfigStoreMaxChannelWidth()Z,out/soong/.intermediates/packages/modules/Wifi/framework/framework-wifi.impl/android_common_apex30/javac/srcjars/com/android/wifi/flags/CustomFeatureFlags.java,188,5,188,25,
Lcom/android/wifi/flags/CustomFeatureFlags;->softapDisconnectReason()Z,out/soong/.intermediates/packages/modules/Wifi/framework/framework-wifi.impl/android_common_apex30/javac/srcjars/com/android/wifi/flags/CustomFeatureFlags.java,195,5,195,25,
Lcom/android/wifi/flags/CustomFeatureFlags;->testFlagFunction()Z,out/soong/.intermediates/packages/modules/Wifi/framework/framework-wifi.impl/android_common_apex30/javac/srcjars/com/android/wifi/flags/CustomFeatureFlags.java,202,5,202,25,
Lcom/android/wifi/flags/CustomFeatureFlags;->voipDetectionBugfix()Z,out/soong/.intermediates/packages/modules/Wifi/framework/framework-wifi.impl/android_common_apex30/javac/srcjars/com/android/wifi/flags/CustomFeatureFlags.java,209,5,209,25,
Lcom/android/wifi/flags/CustomFeatureFlags;->wepDisabledInApm()Z,out/soong/.intermediates/packages/modules/Wifi/framework/framework-wifi.impl/android_common_apex30/javac/srcjars/com/android/wifi/flags/CustomFeatureFlags.java,216,5,216,25,
Lcom/android/wifi/flags/CustomFeatureFlags;->wifiDirectR2()Z,out/soong/.intermediates/packages/modules/Wifi/framework/framework-wifi.impl/android_common_apex30/javac/srcjars/com/android/wifi/flags/CustomFeatureFlags.java,223,5,223,25,
Lcom/android/wifi/flags/CustomFeatureFlags;->wifiScorerNewStatsCollection()Z,out/soong/.intermediates/packages/modules/Wifi/framework/framework-wifi.impl/android_common_apex30/javac/srcjars/com/android/wifi/flags/CustomFeatureFlags.java,230,5,230,25,
Lcom/android/wifi/flags/CustomFeatureFlags;->wifiStateChangedListener()Z,out/soong/.intermediates/packages/modules/Wifi/framework/framework-wifi.impl/android_common_apex30/javac/srcjars/com/android/wifi/flags/CustomFeatureFlags.java,237,5,237,25,
Lcom/android/wifi/flags/FeatureFlags;->androidVWifiApi()Z,out/soong/.intermediates/packages/modules/Wifi/framework/framework-wifi.impl/android_common_apex30/javac/srcjars/com/android/wifi/flags/FeatureFlags.java,9,5,9,25,
Lcom/android/wifi/flags/FeatureFlags;->anqpRequestWaitForResponse()Z,out/soong/.intermediates/packages/modules/Wifi/framework/framework-wifi.impl/android_common_apex30/javac/srcjars/com/android/wifi/flags/FeatureFlags.java,13,5,13,25,
Lcom/android/wifi/flags/FeatureFlags;->apIsolate()Z,out/soong/.intermediates/packages/modules/Wifi/framework/framework-wifi.impl/android_common_apex30/javac/srcjars/com/android/wifi/flags/FeatureFlags.java,17,5,17,25,
Lcom/android/wifi/flags/FeatureFlags;->autojoinRestrictionSecurityTypesApi()Z,out/soong/.intermediates/packages/modules/Wifi/framework/framework-wifi.impl/android_common_apex30/javac/srcjars/com/android/wifi/flags/FeatureFlags.java,21,5,21,25,
Lcom/android/wifi/flags/FeatureFlags;->awarePairing()Z,out/soong/.intermediates/packages/modules/Wifi/framework/framework-wifi.impl/android_common_apex30/javac/srcjars/com/android/wifi/flags/FeatureFlags.java,25,5,25,25,
Lcom/android/wifi/flags/FeatureFlags;->bssidBlocklistForSuggestion()Z,out/soong/.intermediates/packages/modules/Wifi/framework/framework-wifi.impl/android_common_apex30/javac/srcjars/com/android/wifi/flags/FeatureFlags.java,29,5,29,25,
Lcom/android/wifi/flags/FeatureFlags;->d2dWhenInfraStaOff()Z,out/soong/.intermediates/packages/modules/Wifi/framework/framework-wifi.impl/android_common_apex30/javac/srcjars/com/android/wifi/flags/FeatureFlags.java,33,5,33,25,
Lcom/android/wifi/flags/FeatureFlags;->delaySaveToStore()Z,out/soong/.intermediates/packages/modules/Wifi/framework/framework-wifi.impl/android_common_apex30/javac/srcjars/com/android/wifi/flags/FeatureFlags.java,37,5,37,25,
Lcom/android/wifi/flags/FeatureFlags;->delayedCarrierNetworkSelection()Z,out/soong/.intermediates/packages/modules/Wifi/framework/framework-wifi.impl/android_common_apex30/javac/srcjars/com/android/wifi/flags/FeatureFlags.java,41,5,41,25,
Lcom/android/wifi/flags/FeatureFlags;->getBssidBlocklistApi()Z,out/soong/.intermediates/packages/modules/Wifi/framework/framework-wifi.impl/android_common_apex30/javac/srcjars/com/android/wifi/flags/FeatureFlags.java,45,5,45,25,
Lcom/android/wifi/flags/FeatureFlags;->getChannelWidthApi()Z,out/soong/.intermediates/packages/modules/Wifi/framework/framework-wifi.impl/android_common_apex30/javac/srcjars/com/android/wifi/flags/FeatureFlags.java,49,5,49,25,
Lcom/android/wifi/flags/FeatureFlags;->localOnlyConnectionOptimization()Z,out/soong/.intermediates/packages/modules/Wifi/framework/framework-wifi.impl/android_common_apex30/javac/srcjars/com/android/wifi/flags/FeatureFlags.java,53,5,53,25,
Lcom/android/wifi/flags/FeatureFlags;->mainlineSupplicant()Z,out/soong/.intermediates/packages/modules/Wifi/framework/framework-wifi.impl/android_common_apex30/javac/srcjars/com/android/wifi/flags/FeatureFlags.java,57,5,57,25,
Lcom/android/wifi/flags/FeatureFlags;->mloSap()Z,out/soong/.intermediates/packages/modules/Wifi/framework/framework-wifi.impl/android_common_apex30/javac/srcjars/com/android/wifi/flags/FeatureFlags.java,61,5,61,25,
Lcom/android/wifi/flags/FeatureFlags;->monitorIntentForAllUsers()Z,out/soong/.intermediates/packages/modules/Wifi/framework/framework-wifi.impl/android_common_apex30/javac/srcjars/com/android/wifi/flags/FeatureFlags.java,65,5,65,25,
Lcom/android/wifi/flags/FeatureFlags;->multipleMldOnSapSupported()Z,out/soong/.intermediates/packages/modules/Wifi/framework/framework-wifi.impl/android_common_apex30/javac/srcjars/com/android/wifi/flags/FeatureFlags.java,69,5,69,25,
Lcom/android/wifi/flags/FeatureFlags;->networkProviderBatteryChargingStatus()Z,out/soong/.intermediates/packages/modules/Wifi/framework/framework-wifi.impl/android_common_apex30/javac/srcjars/com/android/wifi/flags/FeatureFlags.java,73,5,73,25,
Lcom/android/wifi/flags/FeatureFlags;->newUriParsingForEscapeCharacter()Z,out/soong/.intermediates/packages/modules/Wifi/framework/framework-wifi.impl/android_common_apex30/javac/srcjars/com/android/wifi/flags/FeatureFlags.java,77,5,77,25,
Lcom/android/wifi/flags/FeatureFlags;->p2pDialog2()Z,out/soong/.intermediates/packages/modules/Wifi/framework/framework-wifi.impl/android_common_apex30/javac/srcjars/com/android/wifi/flags/FeatureFlags.java,81,5,81,25,
Lcom/android/wifi/flags/FeatureFlags;->publicBandsForLohs()Z,out/soong/.intermediates/packages/modules/Wifi/framework/framework-wifi.impl/android_common_apex30/javac/srcjars/com/android/wifi/flags/FeatureFlags.java,85,5,85,25,
Lcom/android/wifi/flags/FeatureFlags;->rsnOverriding()Z,out/soong/.intermediates/packages/modules/Wifi/framework/framework-wifi.impl/android_common_apex30/javac/srcjars/com/android/wifi/flags/FeatureFlags.java,89,5,89,25,
Lcom/android/wifi/flags/FeatureFlags;->secureRanging()Z,out/soong/.intermediates/packages/modules/Wifi/framework/framework-wifi.impl/android_common_apex30/javac/srcjars/com/android/wifi/flags/FeatureFlags.java,93,5,93,25,
Lcom/android/wifi/flags/FeatureFlags;->sharedConnectivityBroadcastReceiverTestApi()Z,out/soong/.intermediates/packages/modules/Wifi/framework/framework-wifi.impl/android_common_apex30/javac/srcjars/com/android/wifi/flags/FeatureFlags.java,97,5,97,25,
Lcom/android/wifi/flags/FeatureFlags;->singleWifiThread()Z,out/soong/.intermediates/packages/modules/Wifi/framework/framework-wifi.impl/android_common_apex30/javac/srcjars/com/android/wifi/flags/FeatureFlags.java,101,5,101,25,
Lcom/android/wifi/flags/FeatureFlags;->softapConfigStoreMaxChannelWidth()Z,out/soong/.intermediates/packages/modules/Wifi/framework/framework-wifi.impl/android_common_apex30/javac/srcjars/com/android/wifi/flags/FeatureFlags.java,105,5,105,25,
Lcom/android/wifi/flags/FeatureFlags;->softapDisconnectReason()Z,out/soong/.intermediates/packages/modules/Wifi/framework/framework-wifi.impl/android_common_apex30/javac/srcjars/com/android/wifi/flags/FeatureFlags.java,109,5,109,25,
Lcom/android/wifi/flags/FeatureFlags;->testFlagFunction()Z,out/soong/.intermediates/packages/modules/Wifi/framework/framework-wifi.impl/android_common_apex30/javac/srcjars/com/android/wifi/flags/FeatureFlags.java,113,5,113,25,
Lcom/android/wifi/flags/FeatureFlags;->voipDetectionBugfix()Z,out/soong/.intermediates/packages/modules/Wifi/framework/framework-wifi.impl/android_common_apex30/javac/srcjars/com/android/wifi/flags/FeatureFlags.java,117,5,117,25,
Lcom/android/wifi/flags/FeatureFlags;->wepDisabledInApm()Z,out/soong/.intermediates/packages/modules/Wifi/framework/framework-wifi.impl/android_common_apex30/javac/srcjars/com/android/wifi/flags/FeatureFlags.java,121,5,121,25,
Lcom/android/wifi/flags/FeatureFlags;->wifiDirectR2()Z,out/soong/.intermediates/packages/modules/Wifi/framework/framework-wifi.impl/android_common_apex30/javac/srcjars/com/android/wifi/flags/FeatureFlags.java,125,5,125,25,
Lcom/android/wifi/flags/FeatureFlags;->wifiScorerNewStatsCollection()Z,out/soong/.intermediates/packages/modules/Wifi/framework/framework-wifi.impl/android_common_apex30/javac/srcjars/com/android/wifi/flags/FeatureFlags.java,129,5,129,25,
Lcom/android/wifi/flags/FeatureFlags;->wifiStateChangedListener()Z,out/soong/.intermediates/packages/modules/Wifi/framework/framework-wifi.impl/android_common_apex30/javac/srcjars/com/android/wifi/flags/FeatureFlags.java,133,5,133,25,
Lcom/android/wifi/flags/FeatureFlagsImpl;->androidVWifiApi()Z,out/soong/.intermediates/packages/modules/Wifi/framework/framework-wifi.impl/android_common_apex30/javac/srcjars/com/android/wifi/flags/FeatureFlagsImpl.java,8,5,8,25,
Lcom/android/wifi/flags/FeatureFlagsImpl;->anqpRequestWaitForResponse()Z,out/soong/.intermediates/packages/modules/Wifi/framework/framework-wifi.impl/android_common_apex30/javac/srcjars/com/android/wifi/flags/FeatureFlagsImpl.java,15,5,15,25,
Lcom/android/wifi/flags/FeatureFlagsImpl;->apIsolate()Z,out/soong/.intermediates/packages/modules/Wifi/framework/framework-wifi.impl/android_common_apex30/javac/srcjars/com/android/wifi/flags/FeatureFlagsImpl.java,22,5,22,25,
Lcom/android/wifi/flags/FeatureFlagsImpl;->autojoinRestrictionSecurityTypesApi()Z,out/soong/.intermediates/packages/modules/Wifi/framework/framework-wifi.impl/android_common_apex30/javac/srcjars/com/android/wifi/flags/FeatureFlagsImpl.java,29,5,29,25,
Lcom/android/wifi/flags/FeatureFlagsImpl;->awarePairing()Z,out/soong/.intermediates/packages/modules/Wifi/framework/framework-wifi.impl/android_common_apex30/javac/srcjars/com/android/wifi/flags/FeatureFlagsImpl.java,36,5,36,25,
Lcom/android/wifi/flags/FeatureFlagsImpl;->bssidBlocklistForSuggestion()Z,out/soong/.intermediates/packages/modules/Wifi/framework/framework-wifi.impl/android_common_apex30/javac/srcjars/com/android/wifi/flags/FeatureFlagsImpl.java,43,5,43,25,
Lcom/android/wifi/flags/FeatureFlagsImpl;->d2dWhenInfraStaOff()Z,out/soong/.intermediates/packages/modules/Wifi/framework/framework-wifi.impl/android_common_apex30/javac/srcjars/com/android/wifi/flags/FeatureFlagsImpl.java,50,5,50,25,
Lcom/android/wifi/flags/FeatureFlagsImpl;->delaySaveToStore()Z,out/soong/.intermediates/packages/modules/Wifi/framework/framework-wifi.impl/android_common_apex30/javac/srcjars/com/android/wifi/flags/FeatureFlagsImpl.java,57,5,57,25,
Lcom/android/wifi/flags/FeatureFlagsImpl;->delayedCarrierNetworkSelection()Z,out/soong/.intermediates/packages/modules/Wifi/framework/framework-wifi.impl/android_common_apex30/javac/srcjars/com/android/wifi/flags/FeatureFlagsImpl.java,64,5,64,25,
Lcom/android/wifi/flags/FeatureFlagsImpl;->getBssidBlocklistApi()Z,out/soong/.intermediates/packages/modules/Wifi/framework/framework-wifi.impl/android_common_apex30/javac/srcjars/com/android/wifi/flags/FeatureFlagsImpl.java,71,5,71,25,
Lcom/android/wifi/flags/FeatureFlagsImpl;->getChannelWidthApi()Z,out/soong/.intermediates/packages/modules/Wifi/framework/framework-wifi.impl/android_common_apex30/javac/srcjars/com/android/wifi/flags/FeatureFlagsImpl.java,78,5,78,25,
Lcom/android/wifi/flags/FeatureFlagsImpl;->localOnlyConnectionOptimization()Z,out/soong/.intermediates/packages/modules/Wifi/framework/framework-wifi.impl/android_common_apex30/javac/srcjars/com/android/wifi/flags/FeatureFlagsImpl.java,85,5,85,25,
Lcom/android/wifi/flags/FeatureFlagsImpl;->mainlineSupplicant()Z,out/soong/.intermediates/packages/modules/Wifi/framework/framework-wifi.impl/android_common_apex30/javac/srcjars/com/android/wifi/flags/FeatureFlagsImpl.java,92,5,92,25,
Lcom/android/wifi/flags/FeatureFlagsImpl;->mloSap()Z,out/soong/.intermediates/packages/modules/Wifi/framework/framework-wifi.impl/android_common_apex30/javac/srcjars/com/android/wifi/flags/FeatureFlagsImpl.java,99,5,99,25,
Lcom/android/wifi/flags/FeatureFlagsImpl;->monitorIntentForAllUsers()Z,out/soong/.intermediates/packages/modules/Wifi/framework/framework-wifi.impl/android_common_apex30/javac/srcjars/com/android/wifi/flags/FeatureFlagsImpl.java,106,5,106,25,
Lcom/android/wifi/flags/FeatureFlagsImpl;->multipleMldOnSapSupported()Z,out/soong/.intermediates/packages/modules/Wifi/framework/framework-wifi.impl/android_common_apex30/javac/srcjars/com/android/wifi/flags/FeatureFlagsImpl.java,113,5,113,25,
Lcom/android/wifi/flags/FeatureFlagsImpl;->networkProviderBatteryChargingStatus()Z,out/soong/.intermediates/packages/modules/Wifi/framework/framework-wifi.impl/android_common_apex30/javac/srcjars/com/android/wifi/flags/FeatureFlagsImpl.java,120,5,120,25,
Lcom/android/wifi/flags/FeatureFlagsImpl;->newUriParsingForEscapeCharacter()Z,out/soong/.intermediates/packages/modules/Wifi/framework/framework-wifi.impl/android_common_apex30/javac/srcjars/com/android/wifi/flags/FeatureFlagsImpl.java,127,5,127,25,
Lcom/android/wifi/flags/FeatureFlagsImpl;->p2pDialog2()Z,out/soong/.intermediates/packages/modules/Wifi/framework/framework-wifi.impl/android_common_apex30/javac/srcjars/com/android/wifi/flags/FeatureFlagsImpl.java,134,5,134,25,
Lcom/android/wifi/flags/FeatureFlagsImpl;->publicBandsForLohs()Z,out/soong/.intermediates/packages/modules/Wifi/framework/framework-wifi.impl/android_common_apex30/javac/srcjars/com/android/wifi/flags/FeatureFlagsImpl.java,141,5,141,25,
Lcom/android/wifi/flags/FeatureFlagsImpl;->rsnOverriding()Z,out/soong/.intermediates/packages/modules/Wifi/framework/framework-wifi.impl/android_common_apex30/javac/srcjars/com/android/wifi/flags/FeatureFlagsImpl.java,148,5,148,25,
Lcom/android/wifi/flags/FeatureFlagsImpl;->secureRanging()Z,out/soong/.intermediates/packages/modules/Wifi/framework/framework-wifi.impl/android_common_apex30/javac/srcjars/com/android/wifi/flags/FeatureFlagsImpl.java,155,5,155,25,
Lcom/android/wifi/flags/FeatureFlagsImpl;->sharedConnectivityBroadcastReceiverTestApi()Z,out/soong/.intermediates/packages/modules/Wifi/framework/framework-wifi.impl/android_common_apex30/javac/srcjars/com/android/wifi/flags/FeatureFlagsImpl.java,162,5,162,25,
Lcom/android/wifi/flags/FeatureFlagsImpl;->singleWifiThread()Z,out/soong/.intermediates/packages/modules/Wifi/framework/framework-wifi.impl/android_common_apex30/javac/srcjars/com/android/wifi/flags/FeatureFlagsImpl.java,169,5,169,25,
Lcom/android/wifi/flags/FeatureFlagsImpl;->softapConfigStoreMaxChannelWidth()Z,out/soong/.intermediates/packages/modules/Wifi/framework/framework-wifi.impl/android_common_apex30/javac/srcjars/com/android/wifi/flags/FeatureFlagsImpl.java,176,5,176,25,
Lcom/android/wifi/flags/FeatureFlagsImpl;->softapDisconnectReason()Z,out/soong/.intermediates/packages/modules/Wifi/framework/framework-wifi.impl/android_common_apex30/javac/srcjars/com/android/wifi/flags/FeatureFlagsImpl.java,183,5,183,25,
Lcom/android/wifi/flags/FeatureFlagsImpl;->testFlagFunction()Z,out/soong/.intermediates/packages/modules/Wifi/framework/framework-wifi.impl/android_common_apex30/javac/srcjars/com/android/wifi/flags/FeatureFlagsImpl.java,190,5,190,25,
Lcom/android/wifi/flags/FeatureFlagsImpl;->voipDetectionBugfix()Z,out/soong/.intermediates/packages/modules/Wifi/framework/framework-wifi.impl/android_common_apex30/javac/srcjars/com/android/wifi/flags/FeatureFlagsImpl.java,197,5,197,25,
Lcom/android/wifi/flags/FeatureFlagsImpl;->wepDisabledInApm()Z,out/soong/.intermediates/packages/modules/Wifi/framework/framework-wifi.impl/android_common_apex30/javac/srcjars/com/android/wifi/flags/FeatureFlagsImpl.java,204,5,204,25,
Lcom/android/wifi/flags/FeatureFlagsImpl;->wifiDirectR2()Z,out/soong/.intermediates/packages/modules/Wifi/framework/framework-wifi.impl/android_common_apex30/javac/srcjars/com/android/wifi/flags/FeatureFlagsImpl.java,211,5,211,25,
Lcom/android/wifi/flags/FeatureFlagsImpl;->wifiScorerNewStatsCollection()Z,out/soong/.intermediates/packages/modules/Wifi/framework/framework-wifi.impl/android_common_apex30/javac/srcjars/com/android/wifi/flags/FeatureFlagsImpl.java,218,5,218,25,
Lcom/android/wifi/flags/FeatureFlagsImpl;->wifiStateChangedListener()Z,out/soong/.intermediates/packages/modules/Wifi/framework/framework-wifi.impl/android_common_apex30/javac/srcjars/com/android/wifi/flags/FeatureFlagsImpl.java,225,5,225,25,
Lcom/android/wifi/flags/Flags;->androidVWifiApi()Z,out/soong/.intermediates/packages/modules/Wifi/framework/framework-wifi.impl/android_common_apex30/javac/srcjars/com/android/wifi/flags/Flags.java,73,5,73,25,
Lcom/android/wifi/flags/Flags;->anqpRequestWaitForResponse()Z,out/soong/.intermediates/packages/modules/Wifi/framework/framework-wifi.impl/android_common_apex30/javac/srcjars/com/android/wifi/flags/Flags.java,79,5,79,25,
Lcom/android/wifi/flags/Flags;->apIsolate()Z,out/soong/.intermediates/packages/modules/Wifi/framework/framework-wifi.impl/android_common_apex30/javac/srcjars/com/android/wifi/flags/Flags.java,85,5,85,25,
Lcom/android/wifi/flags/Flags;->autojoinRestrictionSecurityTypesApi()Z,out/soong/.intermediates/packages/modules/Wifi/framework/framework-wifi.impl/android_common_apex30/javac/srcjars/com/android/wifi/flags/Flags.java,91,5,91,25,
Lcom/android/wifi/flags/Flags;->awarePairing()Z,out/soong/.intermediates/packages/modules/Wifi/framework/framework-wifi.impl/android_common_apex30/javac/srcjars/com/android/wifi/flags/Flags.java,97,5,97,25,
Lcom/android/wifi/flags/Flags;->bssidBlocklistForSuggestion()Z,out/soong/.intermediates/packages/modules/Wifi/framework/framework-wifi.impl/android_common_apex30/javac/srcjars/com/android/wifi/flags/Flags.java,103,5,103,25,
Lcom/android/wifi/flags/Flags;->d2dWhenInfraStaOff()Z,out/soong/.intermediates/packages/modules/Wifi/framework/framework-wifi.impl/android_common_apex30/javac/srcjars/com/android/wifi/flags/Flags.java,109,5,109,25,
Lcom/android/wifi/flags/Flags;->delaySaveToStore()Z,out/soong/.intermediates/packages/modules/Wifi/framework/framework-wifi.impl/android_common_apex30/javac/srcjars/com/android/wifi/flags/Flags.java,115,5,115,25,
Lcom/android/wifi/flags/Flags;->delayedCarrierNetworkSelection()Z,out/soong/.intermediates/packages/modules/Wifi/framework/framework-wifi.impl/android_common_apex30/javac/srcjars/com/android/wifi/flags/Flags.java,121,5,121,25,
Lcom/android/wifi/flags/Flags;->getBssidBlocklistApi()Z,out/soong/.intermediates/packages/modules/Wifi/framework/framework-wifi.impl/android_common_apex30/javac/srcjars/com/android/wifi/flags/Flags.java,127,5,127,25,
Lcom/android/wifi/flags/Flags;->getChannelWidthApi()Z,out/soong/.intermediates/packages/modules/Wifi/framework/framework-wifi.impl/android_common_apex30/javac/srcjars/com/android/wifi/flags/Flags.java,133,5,133,25,
Lcom/android/wifi/flags/Flags;->localOnlyConnectionOptimization()Z,out/soong/.intermediates/packages/modules/Wifi/framework/framework-wifi.impl/android_common_apex30/javac/srcjars/com/android/wifi/flags/Flags.java,139,5,139,25,
Lcom/android/wifi/flags/Flags;->mainlineSupplicant()Z,out/soong/.intermediates/packages/modules/Wifi/framework/framework-wifi.impl/android_common_apex30/javac/srcjars/com/android/wifi/flags/Flags.java,145,5,145,25,
Lcom/android/wifi/flags/Flags;->mloSap()Z,out/soong/.intermediates/packages/modules/Wifi/framework/framework-wifi.impl/android_common_apex30/javac/srcjars/com/android/wifi/flags/Flags.java,151,5,151,25,
Lcom/android/wifi/flags/Flags;->monitorIntentForAllUsers()Z,out/soong/.intermediates/packages/modules/Wifi/framework/framework-wifi.impl/android_common_apex30/javac/srcjars/com/android/wifi/flags/Flags.java,157,5,157,25,
Lcom/android/wifi/flags/Flags;->multipleMldOnSapSupported()Z,out/soong/.intermediates/packages/modules/Wifi/framework/framework-wifi.impl/android_common_apex30/javac/srcjars/com/android/wifi/flags/Flags.java,163,5,163,25,
Lcom/android/wifi/flags/Flags;->networkProviderBatteryChargingStatus()Z,out/soong/.intermediates/packages/modules/Wifi/framework/framework-wifi.impl/android_common_apex30/javac/srcjars/com/android/wifi/flags/Flags.java,169,5,169,25,
Lcom/android/wifi/flags/Flags;->newUriParsingForEscapeCharacter()Z,out/soong/.intermediates/packages/modules/Wifi/framework/framework-wifi.impl/android_common_apex30/javac/srcjars/com/android/wifi/flags/Flags.java,175,5,175,25,
Lcom/android/wifi/flags/Flags;->p2pDialog2()Z,out/soong/.intermediates/packages/modules/Wifi/framework/framework-wifi.impl/android_common_apex30/javac/srcjars/com/android/wifi/flags/Flags.java,181,5,181,25,
Lcom/android/wifi/flags/Flags;->publicBandsForLohs()Z,out/soong/.intermediates/packages/modules/Wifi/framework/framework-wifi.impl/android_common_apex30/javac/srcjars/com/android/wifi/flags/Flags.java,187,5,187,25,
Lcom/android/wifi/flags/Flags;->rsnOverriding()Z,out/soong/.intermediates/packages/modules/Wifi/framework/framework-wifi.impl/android_common_apex30/javac/srcjars/com/android/wifi/flags/Flags.java,193,5,193,25,
Lcom/android/wifi/flags/Flags;->secureRanging()Z,out/soong/.intermediates/packages/modules/Wifi/framework/framework-wifi.impl/android_common_apex30/javac/srcjars/com/android/wifi/flags/Flags.java,199,5,199,25,
Lcom/android/wifi/flags/Flags;->sharedConnectivityBroadcastReceiverTestApi()Z,out/soong/.intermediates/packages/modules/Wifi/framework/framework-wifi.impl/android_common_apex30/javac/srcjars/com/android/wifi/flags/Flags.java,205,5,205,25,
Lcom/android/wifi/flags/Flags;->singleWifiThread()Z,out/soong/.intermediates/packages/modules/Wifi/framework/framework-wifi.impl/android_common_apex30/javac/srcjars/com/android/wifi/flags/Flags.java,211,5,211,25,
Lcom/android/wifi/flags/Flags;->softapConfigStoreMaxChannelWidth()Z,out/soong/.intermediates/packages/modules/Wifi/framework/framework-wifi.impl/android_common_apex30/javac/srcjars/com/android/wifi/flags/Flags.java,217,5,217,25,
Lcom/android/wifi/flags/Flags;->softapDisconnectReason()Z,out/soong/.intermediates/packages/modules/Wifi/framework/framework-wifi.impl/android_common_apex30/javac/srcjars/com/android/wifi/flags/Flags.java,223,5,223,25,
Lcom/android/wifi/flags/Flags;->testFlagFunction()Z,out/soong/.intermediates/packages/modules/Wifi/framework/framework-wifi.impl/android_common_apex30/javac/srcjars/com/android/wifi/flags/Flags.java,229,5,229,25,
Lcom/android/wifi/flags/Flags;->voipDetectionBugfix()Z,out/soong/.intermediates/packages/modules/Wifi/framework/framework-wifi.impl/android_common_apex30/javac/srcjars/com/android/wifi/flags/Flags.java,235,5,235,25,
Lcom/android/wifi/flags/Flags;->wepDisabledInApm()Z,out/soong/.intermediates/packages/modules/Wifi/framework/framework-wifi.impl/android_common_apex30/javac/srcjars/com/android/wifi/flags/Flags.java,241,5,241,25,
Lcom/android/wifi/flags/Flags;->wifiDirectR2()Z,out/soong/.intermediates/packages/modules/Wifi/framework/framework-wifi.impl/android_common_apex30/javac/srcjars/com/android/wifi/flags/Flags.java,247,5,247,25,
Lcom/android/wifi/flags/Flags;->wifiScorerNewStatsCollection()Z,out/soong/.intermediates/packages/modules/Wifi/framework/framework-wifi.impl/android_common_apex30/javac/srcjars/com/android/wifi/flags/Flags.java,253,5,253,25,
Lcom/android/wifi/flags/Flags;->wifiStateChangedListener()Z,out/soong/.intermediates/packages/modules/Wifi/framework/framework-wifi.impl/android_common_apex30/javac/srcjars/com/android/wifi/flags/Flags.java,259,5,259,25,
