<?xml version="1.0" encoding="UTF-8"?>
<root>
  <item name="android.net.wifi.CoexUnsafeChannel CoexUnsafeChannel(int, int) 0">
    <annotation name="androidx.annotation.IntDef">
      <val name="value" val="{android.net.wifi.WifiScanner.WIFI_BAND_UNSPECIFIED, android.net.wifi.WifiScanner.WIFI_BAND_24_GHZ, android.net.wifi.WifiScanner.WIFI_BAND_5_GHZ, android.net.wifi.WifiScanner.WIFI_BAND_5_GHZ_DFS_ONLY, android.net.wifi.WifiScanner.WIFI_BAND_6_GHZ}" />
    </annotation>
  </item>
  <item name="android.net.wifi.CoexUnsafeChannel CoexUnsafeChannel(int, int, int) 0">
    <annotation name="androidx.annotation.IntDef">
      <val name="value" val="{android.net.wifi.WifiScanner.WIFI_BAND_UNSPECIFIED, android.net.wifi.WifiScanner.WIFI_BAND_24_GHZ, android.net.wifi.WifiScanner.WIFI_BAND_5_GHZ, android.net.wifi.WifiScanner.WIFI_BAND_5_GHZ_DFS_ONLY, android.net.wifi.WifiScanner.WIFI_BAND_6_GHZ}" />
    </annotation>
  </item>
  <item name="android.net.wifi.CoexUnsafeChannel int getBand()">
    <annotation name="androidx.annotation.IntDef">
      <val name="value" val="{android.net.wifi.WifiScanner.WIFI_BAND_UNSPECIFIED, android.net.wifi.WifiScanner.WIFI_BAND_24_GHZ, android.net.wifi.WifiScanner.WIFI_BAND_5_GHZ, android.net.wifi.WifiScanner.WIFI_BAND_5_GHZ_DFS_ONLY, android.net.wifi.WifiScanner.WIFI_BAND_6_GHZ}" />
    </annotation>
  </item>
  <item name="android.net.wifi.EasyConnectStatusCallback void onConfiguratorSuccess(int) 0">
    <annotation name="androidx.annotation.IntDef">
      <val name="value" val="{android.net.wifi.EasyConnectStatusCallback.EASY_CONNECT_EVENT_SUCCESS_CONFIGURATION_SENT, android.net.wifi.EasyConnectStatusCallback.EASY_CONNECT_EVENT_SUCCESS_CONFIGURATION_APPLIED}" />
    </annotation>
  </item>
  <item name="android.net.wifi.EasyConnectStatusCallback void onFailure(int) 0">
    <annotation name="androidx.annotation.IntDef">
      <val name="value" val="{android.net.wifi.EasyConnectStatusCallback.EASY_CONNECT_EVENT_FAILURE_INVALID_URI, android.net.wifi.EasyConnectStatusCallback.EASY_CONNECT_EVENT_FAILURE_AUTHENTICATION, android.net.wifi.EasyConnectStatusCallback.EASY_CONNECT_EVENT_FAILURE_NOT_COMPATIBLE, android.net.wifi.EasyConnectStatusCallback.EASY_CONNECT_EVENT_FAILURE_CONFIGURATION, android.net.wifi.EasyConnectStatusCallback.EASY_CONNECT_EVENT_FAILURE_BUSY, android.net.wifi.EasyConnectStatusCallback.EASY_CONNECT_EVENT_FAILURE_TIMEOUT, android.net.wifi.EasyConnectStatusCallback.EASY_CONNECT_EVENT_FAILURE_GENERIC, android.net.wifi.EasyConnectStatusCallback.EASY_CONNECT_EVENT_FAILURE_NOT_SUPPORTED, android.net.wifi.EasyConnectStatusCallback.EASY_CONNECT_EVENT_FAILURE_INVALID_NETWORK, android.net.wifi.EasyConnectStatusCallback.EASY_CONNECT_EVENT_FAILURE_CANNOT_FIND_NETWORK, android.net.wifi.EasyConnectStatusCallback.EASY_CONNECT_EVENT_FAILURE_ENROLLEE_AUTHENTICATION, android.net.wifi.EasyConnectStatusCallback.EASY_CONNECT_EVENT_FAILURE_ENROLLEE_REJECTED_CONFIGURATION, android.net.wifi.EasyConnectStatusCallback.EASY_CONNECT_EVENT_FAILURE_URI_GENERATION, android.net.wifi.EasyConnectStatusCallback.EASY_CONNECT_EVENT_FAILURE_ENROLLEE_FAILED_TO_SCAN_NETWORK_CHANNEL}" />
    </annotation>
  </item>
  <item name="android.net.wifi.EasyConnectStatusCallback void onFailure(int, java.lang.String, android.util.SparseArray&lt;int[]&gt;, int[]) 0">
    <annotation name="androidx.annotation.IntDef">
      <val name="value" val="{android.net.wifi.EasyConnectStatusCallback.EASY_CONNECT_EVENT_FAILURE_INVALID_URI, android.net.wifi.EasyConnectStatusCallback.EASY_CONNECT_EVENT_FAILURE_AUTHENTICATION, android.net.wifi.EasyConnectStatusCallback.EASY_CONNECT_EVENT_FAILURE_NOT_COMPATIBLE, android.net.wifi.EasyConnectStatusCallback.EASY_CONNECT_EVENT_FAILURE_CONFIGURATION, android.net.wifi.EasyConnectStatusCallback.EASY_CONNECT_EVENT_FAILURE_BUSY, android.net.wifi.EasyConnectStatusCallback.EASY_CONNECT_EVENT_FAILURE_TIMEOUT, android.net.wifi.EasyConnectStatusCallback.EASY_CONNECT_EVENT_FAILURE_GENERIC, android.net.wifi.EasyConnectStatusCallback.EASY_CONNECT_EVENT_FAILURE_NOT_SUPPORTED, android.net.wifi.EasyConnectStatusCallback.EASY_CONNECT_EVENT_FAILURE_INVALID_NETWORK, android.net.wifi.EasyConnectStatusCallback.EASY_CONNECT_EVENT_FAILURE_CANNOT_FIND_NETWORK, android.net.wifi.EasyConnectStatusCallback.EASY_CONNECT_EVENT_FAILURE_ENROLLEE_AUTHENTICATION, android.net.wifi.EasyConnectStatusCallback.EASY_CONNECT_EVENT_FAILURE_ENROLLEE_REJECTED_CONFIGURATION, android.net.wifi.EasyConnectStatusCallback.EASY_CONNECT_EVENT_FAILURE_URI_GENERATION, android.net.wifi.EasyConnectStatusCallback.EASY_CONNECT_EVENT_FAILURE_ENROLLEE_FAILED_TO_SCAN_NETWORK_CHANNEL}" />
    </annotation>
  </item>
  <item name="android.net.wifi.EasyConnectStatusCallback void onProgress(int) 0">
    <annotation name="androidx.annotation.IntDef">
      <val name="value" val="{android.net.wifi.EasyConnectStatusCallback.EASY_CONNECT_EVENT_PROGRESS_AUTHENTICATION_SUCCESS, android.net.wifi.EasyConnectStatusCallback.EASY_CONNECT_EVENT_PROGRESS_RESPONSE_PENDING, android.net.wifi.EasyConnectStatusCallback.EASY_CONNECT_EVENT_PROGRESS_CONFIGURATION_SENT_WAITING_RESPONSE, android.net.wifi.EasyConnectStatusCallback.EASY_CONNECT_EVENT_PROGRESS_CONFIGURATION_ACCEPTED}" />
    </annotation>
  </item>
  <item name="android.net.wifi.RttManager android.net.wifi.RttManager.RttCapabilities getRttCapabilities()">
    <annotation name="androidx.annotation.RequiresPermission">
      <val name="value" val="&quot;android.permission.LOCATION_HARDWARE&quot;" />
    </annotation>
  </item>
  <item name="android.net.wifi.RttManager void disableResponder(android.net.wifi.RttManager.ResponderCallback)">
    <annotation name="androidx.annotation.RequiresPermission">
      <val name="value" val="&quot;android.permission.LOCATION_HARDWARE&quot;" />
    </annotation>
  </item>
  <item name="android.net.wifi.RttManager void enableResponder(android.net.wifi.RttManager.ResponderCallback)">
    <annotation name="androidx.annotation.RequiresPermission">
      <val name="value" val="&quot;android.permission.LOCATION_HARDWARE&quot;" />
    </annotation>
  </item>
  <item name="android.net.wifi.RttManager void startRanging(android.net.wifi.RttManager.RttParams[], android.net.wifi.RttManager.RttListener)">
    <annotation name="androidx.annotation.RequiresPermission">
      <val name="value" val="&quot;android.permission.LOCATION_HARDWARE&quot;" />
    </annotation>
  </item>
  <item name="android.net.wifi.RttManager void stopRanging(android.net.wifi.RttManager.RttListener)">
    <annotation name="androidx.annotation.RequiresPermission">
      <val name="value" val="&quot;android.permission.LOCATION_HARDWARE&quot;" />
    </annotation>
  </item>
  <item name="android.net.wifi.ScanResult channelWidth">
    <annotation name="androidx.annotation.IntDef">
      <val name="value" val="{android.net.wifi.ScanResult.CHANNEL_WIDTH_20MHZ, android.net.wifi.ScanResult.CHANNEL_WIDTH_40MHZ, android.net.wifi.ScanResult.CHANNEL_WIDTH_80MHZ, android.net.wifi.ScanResult.CHANNEL_WIDTH_160MHZ, android.net.wifi.ScanResult.CHANNEL_WIDTH_80MHZ_PLUS_MHZ}" />
    </annotation>
  </item>
  <item name="android.net.wifi.ScanResult int convertChannelToFrequencyMhzIfSupported(int, int) 1">
    <annotation name="androidx.annotation.IntDef">
      <val name="value" val="{android.net.wifi.ScanResult.UNSPECIFIED, android.net.wifi.ScanResult.WIFI_BAND_24_GHZ, android.net.wifi.ScanResult.WIFI_BAND_5_GHZ, android.net.wifi.ScanResult.WIFI_BAND_6_GHZ, android.net.wifi.ScanResult.WIFI_BAND_60_GHZ}" />
    </annotation>
  </item>
  <item name="android.net.wifi.ScanResult int getWifiStandard()">
    <annotation name="androidx.annotation.IntDef">
      <val name="value" val="{android.net.wifi.ScanResult.WIFI_STANDARD_UNKNOWN, android.net.wifi.ScanResult.WIFI_STANDARD_LEGACY, android.net.wifi.ScanResult.WIFI_STANDARD_11N, android.net.wifi.ScanResult.WIFI_STANDARD_11AC, android.net.wifi.ScanResult.WIFI_STANDARD_11AX, android.net.wifi.ScanResult.WIFI_STANDARD_11AD}" />
    </annotation>
  </item>
  <item name="android.net.wifi.ScanResult int[] getSecurityTypes()">
    <annotation name="androidx.annotation.IntDef">
      <val name="value" val="{android.net.wifi.WifiInfo.SECURITY_TYPE_UNKNOWN, android.net.wifi.WifiInfo.SECURITY_TYPE_OPEN, android.net.wifi.WifiInfo.SECURITY_TYPE_WEP, android.net.wifi.WifiInfo.SECURITY_TYPE_PSK, android.net.wifi.WifiInfo.SECURITY_TYPE_EAP, android.net.wifi.WifiInfo.SECURITY_TYPE_SAE, android.net.wifi.WifiInfo.SECURITY_TYPE_OWE, android.net.wifi.WifiInfo.SECURITY_TYPE_WAPI_PSK, android.net.wifi.WifiInfo.SECURITY_TYPE_WAPI_CERT, android.net.wifi.WifiInfo.SECURITY_TYPE_EAP_WPA3_ENTERPRISE, android.net.wifi.WifiInfo.SECURITY_TYPE_EAP_WPA3_ENTERPRISE_192_BIT, android.net.wifi.WifiInfo.SECURITY_TYPE_PASSPOINT_R1_R2, android.net.wifi.WifiInfo.SECURITY_TYPE_PASSPOINT_R3}" />
    </annotation>
  </item>
  <item name="android.net.wifi.SoftApCapability boolean areFeaturesSupported(long) 0">
    <annotation name="androidx.annotation.LongDef">
      <val name="value" val="{android.net.wifi.SoftApCapability.SOFTAP_FEATURE_ACS_OFFLOAD, android.net.wifi.SoftApCapability.SOFTAP_FEATURE_CLIENT_FORCE_DISCONNECT, android.net.wifi.SoftApCapability.SOFTAP_FEATURE_WPA3_SAE, android.net.wifi.SoftApCapability.SOFTAP_FEATURE_MAC_ADDRESS_CUSTOMIZATION, android.net.wifi.SoftApCapability.SOFTAP_FEATURE_IEEE80211_AX, android.net.wifi.SoftApCapability.SOFTAP_FEATURE_BAND_24G_SUPPORTED, android.net.wifi.SoftApCapability.SOFTAP_FEATURE_BAND_5G_SUPPORTED, android.net.wifi.SoftApCapability.SOFTAP_FEATURE_BAND_6G_SUPPORTED, android.net.wifi.SoftApCapability.SOFTAP_FEATURE_BAND_60G_SUPPORTED}" />
      <val name="flag" val="true" />
    </annotation>
  </item>
  <item name="android.net.wifi.SoftApCapability int[] getSupportedChannelList(int) 0">
    <annotation name="androidx.annotation.IntDef">
      <val name="value" val="{android.net.wifi.SoftApConfiguration.BAND_2GHZ, android.net.wifi.SoftApConfiguration.BAND_5GHZ, android.net.wifi.SoftApConfiguration.BAND_6GHZ, android.net.wifi.SoftApConfiguration.BAND_60GHZ}" />
      <val name="flag" val="true" />
    </annotation>
  </item>
  <item name="android.net.wifi.SoftApConfiguration int getBand()">
    <annotation name="androidx.annotation.IntDef">
      <val name="value" val="{android.net.wifi.SoftApConfiguration.BAND_2GHZ, android.net.wifi.SoftApConfiguration.BAND_5GHZ, android.net.wifi.SoftApConfiguration.BAND_6GHZ, android.net.wifi.SoftApConfiguration.BAND_60GHZ}" />
      <val name="flag" val="true" />
    </annotation>
  </item>
  <item name="android.net.wifi.SoftApConfiguration int getMacRandomizationSetting()">
    <annotation name="androidx.annotation.IntDef">
      <val name="value" val="{android.net.wifi.SoftApConfiguration.RANDOMIZATION_NONE, android.net.wifi.SoftApConfiguration.RANDOMIZATION_PERSISTENT}" />
    </annotation>
  </item>
  <item name="android.net.wifi.SoftApConfiguration int getSecurityType()">
    <annotation name="androidx.annotation.IntDef">
      <val name="value" val="{android.net.wifi.SoftApConfiguration.SECURITY_TYPE_OPEN, android.net.wifi.SoftApConfiguration.SECURITY_TYPE_WPA2_PSK, android.net.wifi.SoftApConfiguration.SECURITY_TYPE_WPA3_SAE_TRANSITION, android.net.wifi.SoftApConfiguration.SECURITY_TYPE_WPA3_SAE}" />
    </annotation>
  </item>
  <item name="android.net.wifi.SoftApConfiguration.Builder android.net.wifi.SoftApConfiguration.Builder setBand(int) 0">
    <annotation name="androidx.annotation.IntDef">
      <val name="value" val="{android.net.wifi.SoftApConfiguration.BAND_2GHZ, android.net.wifi.SoftApConfiguration.BAND_5GHZ, android.net.wifi.SoftApConfiguration.BAND_6GHZ, android.net.wifi.SoftApConfiguration.BAND_60GHZ}" />
      <val name="flag" val="true" />
    </annotation>
  </item>
  <item name="android.net.wifi.SoftApConfiguration.Builder android.net.wifi.SoftApConfiguration.Builder setChannel(int, int) 1">
    <annotation name="androidx.annotation.IntDef">
      <val name="value" val="{android.net.wifi.SoftApConfiguration.BAND_2GHZ, android.net.wifi.SoftApConfiguration.BAND_5GHZ, android.net.wifi.SoftApConfiguration.BAND_6GHZ, android.net.wifi.SoftApConfiguration.BAND_60GHZ}" />
      <val name="flag" val="true" />
    </annotation>
  </item>
  <item name="android.net.wifi.SoftApConfiguration.Builder android.net.wifi.SoftApConfiguration.Builder setMacRandomizationSetting(int) 0">
    <annotation name="androidx.annotation.IntDef">
      <val name="value" val="{android.net.wifi.SoftApConfiguration.RANDOMIZATION_NONE, android.net.wifi.SoftApConfiguration.RANDOMIZATION_PERSISTENT}" />
    </annotation>
  </item>
  <item name="android.net.wifi.SoftApConfiguration.Builder android.net.wifi.SoftApConfiguration.Builder setMaxNumberOfClients(int) 0">
    <annotation name="androidx.annotation.IntRange">
      <val name="from" val="0" />
    </annotation>
  </item>
  <item name="android.net.wifi.SoftApConfiguration.Builder android.net.wifi.SoftApConfiguration.Builder setPassphrase(java.lang.String, int) 1">
    <annotation name="androidx.annotation.IntDef">
      <val name="value" val="{android.net.wifi.SoftApConfiguration.SECURITY_TYPE_OPEN, android.net.wifi.SoftApConfiguration.SECURITY_TYPE_WPA2_PSK, android.net.wifi.SoftApConfiguration.SECURITY_TYPE_WPA3_SAE_TRANSITION, android.net.wifi.SoftApConfiguration.SECURITY_TYPE_WPA3_SAE}" />
    </annotation>
  </item>
  <item name="android.net.wifi.SoftApConfiguration.Builder android.net.wifi.SoftApConfiguration.Builder setShutdownTimeoutMillis(long) 0">
    <annotation name="androidx.annotation.IntRange">
      <val name="from" val="0" />
    </annotation>
  </item>
  <item name="android.net.wifi.SoftApInfo int getBandwidth()">
    <annotation name="androidx.annotation.IntDef">
      <val name="value" val="{android.net.wifi.SoftApInfo.CHANNEL_WIDTH_INVALID, android.net.wifi.SoftApInfo.CHANNEL_WIDTH_20MHZ_NOHT, android.net.wifi.SoftApInfo.CHANNEL_WIDTH_20MHZ, android.net.wifi.SoftApInfo.CHANNEL_WIDTH_40MHZ, android.net.wifi.SoftApInfo.CHANNEL_WIDTH_80MHZ, android.net.wifi.SoftApInfo.CHANNEL_WIDTH_80MHZ_PLUS_MHZ, android.net.wifi.SoftApInfo.CHANNEL_WIDTH_160MHZ, android.net.wifi.SoftApInfo.CHANNEL_WIDTH_2160MHZ, android.net.wifi.SoftApInfo.CHANNEL_WIDTH_4320MHZ, android.net.wifi.SoftApInfo.CHANNEL_WIDTH_6480MHZ, android.net.wifi.SoftApInfo.CHANNEL_WIDTH_8640MHZ}" />
    </annotation>
  </item>
  <item name="android.net.wifi.SoftApInfo int getWifiStandard()">
    <annotation name="androidx.annotation.IntDef">
      <val name="value" val="{android.net.wifi.ScanResult.WIFI_STANDARD_UNKNOWN, android.net.wifi.ScanResult.WIFI_STANDARD_LEGACY, android.net.wifi.ScanResult.WIFI_STANDARD_11N, android.net.wifi.ScanResult.WIFI_STANDARD_11AC, android.net.wifi.ScanResult.WIFI_STANDARD_11AX, android.net.wifi.ScanResult.WIFI_STANDARD_11AD}" />
    </annotation>
  </item>
  <item name="android.net.wifi.WifiAvailableChannel WifiAvailableChannel(int, int) 1">
    <annotation name="androidx.annotation.IntDef">
      <val name="value" val="{android.net.wifi.WifiAvailableChannel.OP_MODE_STA, android.net.wifi.WifiAvailableChannel.OP_MODE_SAP, android.net.wifi.WifiAvailableChannel.OP_MODE_WIFI_DIRECT_CLI, android.net.wifi.WifiAvailableChannel.OP_MODE_WIFI_DIRECT_GO, android.net.wifi.WifiAvailableChannel.OP_MODE_WIFI_AWARE, android.net.wifi.WifiAvailableChannel.OP_MODE_TDLS}" />
      <val name="flag" val="true" />
    </annotation>
  </item>
  <item name="android.net.wifi.WifiAvailableChannel int getOperationalModes()">
    <annotation name="androidx.annotation.IntDef">
      <val name="value" val="{android.net.wifi.WifiAvailableChannel.OP_MODE_STA, android.net.wifi.WifiAvailableChannel.OP_MODE_SAP, android.net.wifi.WifiAvailableChannel.OP_MODE_WIFI_DIRECT_CLI, android.net.wifi.WifiAvailableChannel.OP_MODE_WIFI_DIRECT_GO, android.net.wifi.WifiAvailableChannel.OP_MODE_WIFI_AWARE, android.net.wifi.WifiAvailableChannel.OP_MODE_TDLS}" />
      <val name="flag" val="true" />
    </annotation>
  </item>
  <item name="android.net.wifi.WifiConfiguration int getAuthType()">
    <annotation name="androidx.annotation.IntDef">
      <val name="value" val="{android.net.wifi.WifiConfiguration.KeyMgmt.NONE, android.net.wifi.WifiConfiguration.KeyMgmt.WPA_PSK, android.net.wifi.WifiConfiguration.KeyMgmt.WPA_EAP, android.net.wifi.WifiConfiguration.KeyMgmt.IEEE8021X, android.net.wifi.WifiConfiguration.KeyMgmt.WPA2_PSK, android.net.wifi.WifiConfiguration.KeyMgmt.SAE, android.net.wifi.WifiConfiguration.KeyMgmt.OWE, android.net.wifi.WifiConfiguration.KeyMgmt.SUITE_B_192, android.net.wifi.WifiConfiguration.KeyMgmt.WAPI_PSK, android.net.wifi.WifiConfiguration.KeyMgmt.WAPI_CERT}" />
    </annotation>
  </item>
  <item name="android.net.wifi.WifiConfiguration int getRecentFailureReason()">
    <annotation name="androidx.annotation.IntDef">
      <val name="value" val="{android.net.wifi.WifiConfiguration.RECENT_FAILURE_NONE, android.net.wifi.WifiConfiguration.RECENT_FAILURE_AP_UNABLE_TO_HANDLE_NEW_STA, android.net.wifi.WifiConfiguration.RECENT_FAILURE_REFUSED_TEMPORARILY, android.net.wifi.WifiConfiguration.RECENT_FAILURE_POOR_CHANNEL_CONDITIONS, android.net.wifi.WifiConfiguration.RECENT_FAILURE_DISCONNECTION_AP_BUSY, android.net.wifi.WifiConfiguration.RECENT_FAILURE_MBO_ASSOC_DISALLOWED_UNSPECIFIED, android.net.wifi.WifiConfiguration.RECENT_FAILURE_MBO_ASSOC_DISALLOWED_MAX_NUM_STA_ASSOCIATED, android.net.wifi.WifiConfiguration.RECENT_FAILURE_MBO_ASSOC_DISALLOWED_AIR_INTERFACE_OVERLOADED, android.net.wifi.WifiConfiguration.RECENT_FAILURE_MBO_ASSOC_DISALLOWED_AUTH_SERVER_OVERLOADED, android.net.wifi.WifiConfiguration.RECENT_FAILURE_MBO_ASSOC_DISALLOWED_INSUFFICIENT_RSSI, android.net.wifi.WifiConfiguration.RECENT_FAILURE_OCE_RSSI_BASED_ASSOCIATION_REJECTION, android.net.wifi.WifiConfiguration.RECENT_FAILURE_NETWORK_NOT_FOUND}" />
    </annotation>
  </item>
  <item name="android.net.wifi.WifiConfiguration macRandomizationSetting">
    <annotation name="androidx.annotation.IntDef">
      <val name="value" val="{android.net.wifi.WifiConfiguration.RANDOMIZATION_NONE, android.net.wifi.WifiConfiguration.RANDOMIZATION_PERSISTENT, android.net.wifi.WifiConfiguration.RANDOMIZATION_NON_PERSISTENT, android.net.wifi.WifiConfiguration.RANDOMIZATION_AUTO}" />
    </annotation>
  </item>
  <item name="android.net.wifi.WifiConfiguration meteredOverride">
    <annotation name="androidx.annotation.IntDef">
      <val name="value" val="{android.net.wifi.WifiConfiguration.METERED_OVERRIDE_NONE, android.net.wifi.WifiConfiguration.METERED_OVERRIDE_METERED, android.net.wifi.WifiConfiguration.METERED_OVERRIDE_NOT_METERED}" />
    </annotation>
  </item>
  <item name="android.net.wifi.WifiConfiguration void setSecurityParams(int) 0">
    <annotation name="androidx.annotation.IntDef">
      <val name="value" val="{android.net.wifi.WifiConfiguration.SECURITY_TYPE_OPEN, android.net.wifi.WifiConfiguration.SECURITY_TYPE_WEP, android.net.wifi.WifiConfiguration.SECURITY_TYPE_PSK, android.net.wifi.WifiConfiguration.SECURITY_TYPE_EAP, android.net.wifi.WifiConfiguration.SECURITY_TYPE_SAE, android.net.wifi.WifiConfiguration.SECURITY_TYPE_EAP_SUITE_B, android.net.wifi.WifiConfiguration.SECURITY_TYPE_OWE, android.net.wifi.WifiConfiguration.SECURITY_TYPE_WAPI_PSK, android.net.wifi.WifiConfiguration.SECURITY_TYPE_WAPI_CERT, android.net.wifi.WifiConfiguration.SECURITY_TYPE_EAP_WPA3_ENTERPRISE, android.net.wifi.WifiConfiguration.SECURITY_TYPE_EAP_WPA3_ENTERPRISE_192_BIT}" />
    </annotation>
  </item>
  <item name="android.net.wifi.WifiConfiguration.NetworkSelectionStatus int getDisableReasonCounter(int) 0">
    <annotation name="androidx.annotation.IntDef">
      <val name="value" val="{android.net.wifi.WifiConfiguration.NetworkSelectionStatus.DISABLED_NONE, android.net.wifi.WifiConfiguration.NetworkSelectionStatus.DISABLED_ASSOCIATION_REJECTION, android.net.wifi.WifiConfiguration.NetworkSelectionStatus.DISABLED_AUTHENTICATION_FAILURE, android.net.wifi.WifiConfiguration.NetworkSelectionStatus.DISABLED_DHCP_FAILURE, android.net.wifi.WifiConfiguration.NetworkSelectionStatus.DISABLED_NO_INTERNET_TEMPORARY, android.net.wifi.WifiConfiguration.NetworkSelectionStatus.DISABLED_AUTHENTICATION_NO_CREDENTIALS, android.net.wifi.WifiConfiguration.NetworkSelectionStatus.DISABLED_NO_INTERNET_PERMANENT, android.net.wifi.WifiConfiguration.NetworkSelectionStatus.DISABLED_BY_WIFI_MANAGER, android.net.wifi.WifiConfiguration.NetworkSelectionStatus.DISABLED_BY_WRONG_PASSWORD, android.net.wifi.WifiConfiguration.NetworkSelectionStatus.DISABLED_AUTHENTICATION_NO_SUBSCRIPTION, android.net.wifi.WifiConfiguration.NetworkSelectionStatus.DISABLED_AUTHENTICATION_PRIVATE_EAP_ERROR, android.net.wifi.WifiConfiguration.NetworkSelectionStatus.DISABLED_NETWORK_NOT_FOUND, android.net.wifi.WifiConfiguration.NetworkSelectionStatus.DISABLED_CONSECUTIVE_FAILURES}" />
    </annotation>
  </item>
  <item name="android.net.wifi.WifiConfiguration.NetworkSelectionStatus int getNetworkSelectionDisableReason()">
    <annotation name="androidx.annotation.IntDef">
      <val name="value" val="{android.net.wifi.WifiConfiguration.NetworkSelectionStatus.DISABLED_NONE, android.net.wifi.WifiConfiguration.NetworkSelectionStatus.DISABLED_ASSOCIATION_REJECTION, android.net.wifi.WifiConfiguration.NetworkSelectionStatus.DISABLED_AUTHENTICATION_FAILURE, android.net.wifi.WifiConfiguration.NetworkSelectionStatus.DISABLED_DHCP_FAILURE, android.net.wifi.WifiConfiguration.NetworkSelectionStatus.DISABLED_NO_INTERNET_TEMPORARY, android.net.wifi.WifiConfiguration.NetworkSelectionStatus.DISABLED_AUTHENTICATION_NO_CREDENTIALS, android.net.wifi.WifiConfiguration.NetworkSelectionStatus.DISABLED_NO_INTERNET_PERMANENT, android.net.wifi.WifiConfiguration.NetworkSelectionStatus.DISABLED_BY_WIFI_MANAGER, android.net.wifi.WifiConfiguration.NetworkSelectionStatus.DISABLED_BY_WRONG_PASSWORD, android.net.wifi.WifiConfiguration.NetworkSelectionStatus.DISABLED_AUTHENTICATION_NO_SUBSCRIPTION, android.net.wifi.WifiConfiguration.NetworkSelectionStatus.DISABLED_AUTHENTICATION_PRIVATE_EAP_ERROR, android.net.wifi.WifiConfiguration.NetworkSelectionStatus.DISABLED_NETWORK_NOT_FOUND, android.net.wifi.WifiConfiguration.NetworkSelectionStatus.DISABLED_CONSECUTIVE_FAILURES}" />
    </annotation>
  </item>
  <item name="android.net.wifi.WifiConfiguration.NetworkSelectionStatus int getNetworkSelectionStatus()">
    <annotation name="androidx.annotation.IntDef">
      <val name="value" val="{android.net.wifi.WifiConfiguration.NetworkSelectionStatus.NETWORK_SELECTION_ENABLED, android.net.wifi.WifiConfiguration.NetworkSelectionStatus.NETWORK_SELECTION_TEMPORARY_DISABLED, android.net.wifi.WifiConfiguration.NetworkSelectionStatus.NETWORK_SELECTION_PERMANENTLY_DISABLED}" />
    </annotation>
  </item>
  <item name="android.net.wifi.WifiConfiguration.NetworkSelectionStatus java.lang.String getNetworkSelectionDisableReasonString(int) 0">
    <annotation name="androidx.annotation.IntDef">
      <val name="value" val="{android.net.wifi.WifiConfiguration.NetworkSelectionStatus.DISABLED_NONE, android.net.wifi.WifiConfiguration.NetworkSelectionStatus.DISABLED_ASSOCIATION_REJECTION, android.net.wifi.WifiConfiguration.NetworkSelectionStatus.DISABLED_AUTHENTICATION_FAILURE, android.net.wifi.WifiConfiguration.NetworkSelectionStatus.DISABLED_DHCP_FAILURE, android.net.wifi.WifiConfiguration.NetworkSelectionStatus.DISABLED_NO_INTERNET_TEMPORARY, android.net.wifi.WifiConfiguration.NetworkSelectionStatus.DISABLED_AUTHENTICATION_NO_CREDENTIALS, android.net.wifi.WifiConfiguration.NetworkSelectionStatus.DISABLED_NO_INTERNET_PERMANENT, android.net.wifi.WifiConfiguration.NetworkSelectionStatus.DISABLED_BY_WIFI_MANAGER, android.net.wifi.WifiConfiguration.NetworkSelectionStatus.DISABLED_BY_WRONG_PASSWORD, android.net.wifi.WifiConfiguration.NetworkSelectionStatus.DISABLED_AUTHENTICATION_NO_SUBSCRIPTION, android.net.wifi.WifiConfiguration.NetworkSelectionStatus.DISABLED_AUTHENTICATION_PRIVATE_EAP_ERROR, android.net.wifi.WifiConfiguration.NetworkSelectionStatus.DISABLED_NETWORK_NOT_FOUND, android.net.wifi.WifiConfiguration.NetworkSelectionStatus.DISABLED_CONSECUTIVE_FAILURES}" />
    </annotation>
  </item>
  <item name="android.net.wifi.WifiConfiguration.NetworkSelectionStatus.Builder android.net.wifi.WifiConfiguration.NetworkSelectionStatus.Builder setNetworkSelectionDisableReason(int) 0">
    <annotation name="androidx.annotation.IntDef">
      <val name="value" val="{android.net.wifi.WifiConfiguration.NetworkSelectionStatus.DISABLED_NONE, android.net.wifi.WifiConfiguration.NetworkSelectionStatus.DISABLED_ASSOCIATION_REJECTION, android.net.wifi.WifiConfiguration.NetworkSelectionStatus.DISABLED_AUTHENTICATION_FAILURE, android.net.wifi.WifiConfiguration.NetworkSelectionStatus.DISABLED_DHCP_FAILURE, android.net.wifi.WifiConfiguration.NetworkSelectionStatus.DISABLED_NO_INTERNET_TEMPORARY, android.net.wifi.WifiConfiguration.NetworkSelectionStatus.DISABLED_AUTHENTICATION_NO_CREDENTIALS, android.net.wifi.WifiConfiguration.NetworkSelectionStatus.DISABLED_NO_INTERNET_PERMANENT, android.net.wifi.WifiConfiguration.NetworkSelectionStatus.DISABLED_BY_WIFI_MANAGER, android.net.wifi.WifiConfiguration.NetworkSelectionStatus.DISABLED_BY_WRONG_PASSWORD, android.net.wifi.WifiConfiguration.NetworkSelectionStatus.DISABLED_AUTHENTICATION_NO_SUBSCRIPTION, android.net.wifi.WifiConfiguration.NetworkSelectionStatus.DISABLED_AUTHENTICATION_PRIVATE_EAP_ERROR, android.net.wifi.WifiConfiguration.NetworkSelectionStatus.DISABLED_NETWORK_NOT_FOUND, android.net.wifi.WifiConfiguration.NetworkSelectionStatus.DISABLED_CONSECUTIVE_FAILURES}" />
    </annotation>
  </item>
  <item name="android.net.wifi.WifiConfiguration.NetworkSelectionStatus.Builder android.net.wifi.WifiConfiguration.NetworkSelectionStatus.Builder setNetworkSelectionStatus(int) 0">
    <annotation name="androidx.annotation.IntDef">
      <val name="value" val="{android.net.wifi.WifiConfiguration.NetworkSelectionStatus.NETWORK_SELECTION_ENABLED, android.net.wifi.WifiConfiguration.NetworkSelectionStatus.NETWORK_SELECTION_TEMPORARY_DISABLED, android.net.wifi.WifiConfiguration.NetworkSelectionStatus.NETWORK_SELECTION_PERMANENTLY_DISABLED}" />
    </annotation>
  </item>
  <item name="android.net.wifi.WifiEnterpriseConfig int getOcsp()">
    <annotation name="androidx.annotation.IntDef">
      <val name="value" val="{android.net.wifi.WifiEnterpriseConfig.OCSP_NONE, android.net.wifi.WifiEnterpriseConfig.OCSP_REQUEST_CERT_STATUS, android.net.wifi.WifiEnterpriseConfig.OCSP_REQUIRE_CERT_STATUS, android.net.wifi.WifiEnterpriseConfig.OCSP_REQUIRE_ALL_NON_TRUSTED_CERTS_STATUS}" />
    </annotation>
  </item>
  <item name="android.net.wifi.WifiEnterpriseConfig void setOcsp(int) 0">
    <annotation name="androidx.annotation.IntDef">
      <val name="value" val="{android.net.wifi.WifiEnterpriseConfig.OCSP_NONE, android.net.wifi.WifiEnterpriseConfig.OCSP_REQUEST_CERT_STATUS, android.net.wifi.WifiEnterpriseConfig.OCSP_REQUIRE_CERT_STATUS, android.net.wifi.WifiEnterpriseConfig.OCSP_REQUIRE_ALL_NON_TRUSTED_CERTS_STATUS}" />
    </annotation>
  </item>
  <item name="android.net.wifi.WifiInfo boolean isPrimary()">
    <annotation name="androidx.annotation.RequiresPermission">
      <val name="value" val="&quot;android.permission.NETWORK_SETTINGS&quot;" />
    </annotation>
  </item>
  <item name="android.net.wifi.WifiInfo int getCurrentSecurityType()">
    <annotation name="androidx.annotation.IntDef">
      <val name="value" val="{android.net.wifi.WifiInfo.SECURITY_TYPE_UNKNOWN, android.net.wifi.WifiInfo.SECURITY_TYPE_OPEN, android.net.wifi.WifiInfo.SECURITY_TYPE_WEP, android.net.wifi.WifiInfo.SECURITY_TYPE_PSK, android.net.wifi.WifiInfo.SECURITY_TYPE_EAP, android.net.wifi.WifiInfo.SECURITY_TYPE_SAE, android.net.wifi.WifiInfo.SECURITY_TYPE_OWE, android.net.wifi.WifiInfo.SECURITY_TYPE_WAPI_PSK, android.net.wifi.WifiInfo.SECURITY_TYPE_WAPI_CERT, android.net.wifi.WifiInfo.SECURITY_TYPE_EAP_WPA3_ENTERPRISE, android.net.wifi.WifiInfo.SECURITY_TYPE_EAP_WPA3_ENTERPRISE_192_BIT, android.net.wifi.WifiInfo.SECURITY_TYPE_PASSPOINT_R1_R2, android.net.wifi.WifiInfo.SECURITY_TYPE_PASSPOINT_R3}" />
    </annotation>
  </item>
  <item name="android.net.wifi.WifiInfo int getRxLinkSpeedMbps()">
    <annotation name="androidx.annotation.IntRange">
      <val name="from" val="-1" />
    </annotation>
  </item>
  <item name="android.net.wifi.WifiInfo int getTxLinkSpeedMbps()">
    <annotation name="androidx.annotation.IntRange">
      <val name="from" val="-1" />
    </annotation>
  </item>
  <item name="android.net.wifi.WifiInfo int getWifiStandard()">
    <annotation name="androidx.annotation.IntDef">
      <val name="value" val="{android.net.wifi.ScanResult.WIFI_STANDARD_UNKNOWN, android.net.wifi.ScanResult.WIFI_STANDARD_LEGACY, android.net.wifi.ScanResult.WIFI_STANDARD_11N, android.net.wifi.ScanResult.WIFI_STANDARD_11AC, android.net.wifi.ScanResult.WIFI_STANDARD_11AX, android.net.wifi.ScanResult.WIFI_STANDARD_11AD}" />
    </annotation>
  </item>
  <item name="android.net.wifi.WifiInfo java.lang.String getMacAddress()">
    <annotation name="androidx.annotation.RequiresPermission">
      <val name="allOf" val="{&quot;android.permission.LOCAL_MAC_ADDRESS&quot;, &quot;android.permission.ACCESS_FINE_LOCATION&quot;}" />
    </annotation>
  </item>
  <item name="android.net.wifi.WifiInfo.Builder android.net.wifi.WifiInfo.Builder setCurrentSecurityType(int) 0">
    <annotation name="androidx.annotation.IntDef">
      <val name="value" val="{android.net.wifi.WifiConfiguration.SECURITY_TYPE_OPEN, android.net.wifi.WifiConfiguration.SECURITY_TYPE_WEP, android.net.wifi.WifiConfiguration.SECURITY_TYPE_PSK, android.net.wifi.WifiConfiguration.SECURITY_TYPE_EAP, android.net.wifi.WifiConfiguration.SECURITY_TYPE_SAE, android.net.wifi.WifiConfiguration.SECURITY_TYPE_EAP_SUITE_B, android.net.wifi.WifiConfiguration.SECURITY_TYPE_OWE, android.net.wifi.WifiConfiguration.SECURITY_TYPE_WAPI_PSK, android.net.wifi.WifiConfiguration.SECURITY_TYPE_WAPI_CERT, android.net.wifi.WifiConfiguration.SECURITY_TYPE_EAP_WPA3_ENTERPRISE, android.net.wifi.WifiConfiguration.SECURITY_TYPE_EAP_WPA3_ENTERPRISE_192_BIT}" />
    </annotation>
  </item>
  <item name="android.net.wifi.WifiManager ACTION_NETWORK_SETTINGS_RESET">
    <annotation name="androidx.annotation.RequiresPermission">
      <val name="value" val="&quot;android.permission.NETWORK_CARRIER_PROVISIONING&quot;" />
    </annotation>
  </item>
  <item name="android.net.wifi.WifiManager ACTION_REFRESH_USER_PROVISIONING">
    <annotation name="androidx.annotation.RequiresPermission">
      <val name="value" val="&quot;android.permission.NETWORK_CARRIER_PROVISIONING&quot;" />
    </annotation>
  </item>
  <item name="android.net.wifi.WifiManager android.net.Network getCurrentNetwork()">
    <annotation name="androidx.annotation.RequiresPermission">
      <val name="anyOf" val="{&quot;android.permission.NETWORK_SETTINGS&quot;, &quot;android.permission.NETWORK_SETUP_WIZARD&quot;}" />
    </annotation>
  </item>
  <item name="android.net.wifi.WifiManager android.net.wifi.SoftApConfiguration getSoftApConfiguration()">
    <annotation name="androidx.annotation.RequiresPermission">
      <val name="anyOf" val="{&quot;android.permission.NETWORK_SETTINGS&quot;, &quot;android.permission.OVERRIDE_WIFI_CONFIG&quot;}" />
    </annotation>
  </item>
  <item name="android.net.wifi.WifiManager android.net.wifi.SoftApConfiguration restoreSoftApBackupData(byte[])">
    <annotation name="androidx.annotation.RequiresPermission">
      <val name="value" val="&quot;android.permission.NETWORK_SETTINGS&quot;" />
    </annotation>
  </item>
  <item name="android.net.wifi.WifiManager android.net.wifi.WifiConfiguration getWifiApConfiguration()">
    <annotation name="androidx.annotation.RequiresPermission">
      <val name="value" val="&quot;android.permission.ACCESS_WIFI_STATE&quot;" />
    </annotation>
  </item>
  <item name="android.net.wifi.WifiManager android.net.wifi.WifiManager.AddNetworkResult addNetworkPrivileged(android.net.wifi.WifiConfiguration)">
    <annotation name="androidx.annotation.RequiresPermission">
      <val name="anyOf" val="{&quot;android.permission.NETWORK_SETTINGS&quot;, &quot;android.permission.NETWORK_STACK&quot;, &quot;android.permission.NETWORK_SETUP_WIZARD&quot;, &quot;android.permission.NETWORK_MANAGED_PROVISIONING&quot;}" />
    </annotation>
  </item>
  <item name="android.net.wifi.WifiManager boolean isAutoWakeupEnabled()">
    <annotation name="androidx.annotation.RequiresPermission">
      <val name="value" val="&quot;android.permission.ACCESS_WIFI_STATE&quot;" />
    </annotation>
  </item>
  <item name="android.net.wifi.WifiManager boolean isCarrierNetworkOffloadEnabled(int, boolean)">
    <annotation name="androidx.annotation.RequiresPermission">
      <val name="value" val="&quot;android.permission.ACCESS_WIFI_STATE&quot;" />
    </annotation>
  </item>
  <item name="android.net.wifi.WifiManager boolean isScanThrottleEnabled()">
    <annotation name="androidx.annotation.RequiresPermission">
      <val name="value" val="&quot;android.permission.ACCESS_WIFI_STATE&quot;" />
    </annotation>
  </item>
  <item name="android.net.wifi.WifiManager boolean isWifiApEnabled()">
    <annotation name="androidx.annotation.RequiresPermission">
      <val name="value" val="&quot;android.permission.ACCESS_WIFI_STATE&quot;" />
    </annotation>
  </item>
  <item name="android.net.wifi.WifiManager boolean isWifiPasspointEnabled()">
    <annotation name="androidx.annotation.RequiresPermission">
      <val name="value" val="&quot;android.permission.ACCESS_WIFI_STATE&quot;" />
    </annotation>
  </item>
  <item name="android.net.wifi.WifiManager boolean isWifiStandardSupported(int) 0">
    <annotation name="androidx.annotation.IntDef">
      <val name="value" val="{android.net.wifi.ScanResult.WIFI_STANDARD_UNKNOWN, android.net.wifi.ScanResult.WIFI_STANDARD_LEGACY, android.net.wifi.ScanResult.WIFI_STANDARD_11N, android.net.wifi.ScanResult.WIFI_STANDARD_11AC, android.net.wifi.ScanResult.WIFI_STANDARD_11AX, android.net.wifi.ScanResult.WIFI_STANDARD_11AD}" />
    </annotation>
  </item>
  <item name="android.net.wifi.WifiManager boolean removeNonCallerConfiguredNetworks()">
    <annotation name="androidx.annotation.RequiresPermission">
      <val name="value" val="&quot;android.permission.CHANGE_WIFI_STATE&quot;" />
    </annotation>
  </item>
  <item name="android.net.wifi.WifiManager boolean setSoftApConfiguration(android.net.wifi.SoftApConfiguration)">
    <annotation name="androidx.annotation.RequiresPermission">
      <val name="anyOf" val="{&quot;android.permission.NETWORK_SETTINGS&quot;, &quot;android.permission.OVERRIDE_WIFI_CONFIG&quot;}" />
    </annotation>
  </item>
  <item name="android.net.wifi.WifiManager boolean setWifiApConfiguration(android.net.wifi.WifiConfiguration)">
    <annotation name="androidx.annotation.RequiresPermission">
      <val name="value" val="&quot;android.permission.CHANGE_WIFI_STATE&quot;" />
    </annotation>
  </item>
  <item name="android.net.wifi.WifiManager boolean setWifiConnectedNetworkScorer(java.util.concurrent.Executor, android.net.wifi.WifiManager.WifiConnectedNetworkScorer)">
    <annotation name="androidx.annotation.RequiresPermission">
      <val name="value" val="&quot;android.permission.WIFI_UPDATE_USABILITY_STATS_SCORE&quot;" />
    </annotation>
  </item>
  <item name="android.net.wifi.WifiManager boolean setWifiScoringEnabled(boolean)">
    <annotation name="androidx.annotation.RequiresPermission">
      <val name="value" val="&quot;android.permission.NETWORK_SETTINGS&quot;" />
    </annotation>
  </item>
  <item name="android.net.wifi.WifiManager boolean startScan(android.os.WorkSource)">
    <annotation name="androidx.annotation.RequiresPermission">
      <val name="value" val="&quot;android.permission.UPDATE_DEVICE_STATS&quot;" />
    </annotation>
  </item>
  <item name="android.net.wifi.WifiManager boolean startTetheredHotspot(android.net.wifi.SoftApConfiguration)">
    <annotation name="androidx.annotation.RequiresPermission">
      <val name="anyOf" val="{&quot;android.permission.NETWORK_STACK&quot;, &quot;android.permission.MAINLINE_NETWORK_STACK&quot;}" />
    </annotation>
  </item>
  <item name="android.net.wifi.WifiManager boolean stopSoftAp()">
    <annotation name="androidx.annotation.RequiresPermission">
      <val name="anyOf" val="{&quot;android.permission.NETWORK_STACK&quot;, &quot;android.permission.MAINLINE_NETWORK_STACK&quot;}" />
    </annotation>
  </item>
  <item name="android.net.wifi.WifiManager byte[] retrieveBackupData()">
    <annotation name="androidx.annotation.RequiresPermission">
      <val name="value" val="&quot;android.permission.NETWORK_SETTINGS&quot;" />
    </annotation>
  </item>
  <item name="android.net.wifi.WifiManager byte[] retrieveSoftApBackupData()">
    <annotation name="androidx.annotation.RequiresPermission">
      <val name="value" val="&quot;android.permission.NETWORK_SETTINGS&quot;" />
    </annotation>
  </item>
  <item name="android.net.wifi.WifiManager int addNetworkSuggestions(java.util.List&lt;android.net.wifi.WifiNetworkSuggestion&gt;)">
    <annotation name="androidx.annotation.RequiresPermission">
      <val name="value" val="&quot;android.permission.CHANGE_WIFI_STATE&quot;" />
    </annotation>
    <annotation name="androidx.annotation.IntDef">
      <val name="value" val="{android.net.wifi.WifiManager.STATUS_NETWORK_SUGGESTIONS_SUCCESS, android.net.wifi.WifiManager.STATUS_NETWORK_SUGGESTIONS_ERROR_INTERNAL, android.net.wifi.WifiManager.STATUS_NETWORK_SUGGESTIONS_ERROR_APP_DISALLOWED, android.net.wifi.WifiManager.STATUS_NETWORK_SUGGESTIONS_ERROR_ADD_DUPLICATE, android.net.wifi.WifiManager.STATUS_NETWORK_SUGGESTIONS_ERROR_ADD_EXCEEDS_MAX_PER_APP, android.net.wifi.WifiManager.STATUS_NETWORK_SUGGESTIONS_ERROR_REMOVE_INVALID, android.net.wifi.WifiManager.STATUS_NETWORK_SUGGESTIONS_ERROR_ADD_NOT_ALLOWED, android.net.wifi.WifiManager.STATUS_NETWORK_SUGGESTIONS_ERROR_ADD_INVALID}" />
    </annotation>
  </item>
  <item name="android.net.wifi.WifiManager int calculateSignalLevel(int)">
    <annotation name="androidx.annotation.IntRange">
      <val name="from" val="0" />
    </annotation>
  </item>
  <item name="android.net.wifi.WifiManager int getMaxSignalLevel()">
    <annotation name="androidx.annotation.IntRange">
      <val name="from" val="0" />
    </annotation>
  </item>
  <item name="android.net.wifi.WifiManager int getVerboseLoggingLevel()">
    <annotation name="androidx.annotation.IntDef">
      <val name="value" val="{android.net.wifi.WifiManager.VERBOSE_LOGGING_LEVEL_DISABLED, android.net.wifi.WifiManager.VERBOSE_LOGGING_LEVEL_ENABLED, android.net.wifi.WifiManager.VERBOSE_LOGGING_LEVEL_ENABLED_SHOW_KEY}" />
    </annotation>
  </item>
  <item name="android.net.wifi.WifiManager int getWifiApState()">
    <annotation name="androidx.annotation.RequiresPermission">
      <val name="value" val="&quot;android.permission.ACCESS_WIFI_STATE&quot;" />
    </annotation>
  </item>
  <item name="android.net.wifi.WifiManager int removeNetworkSuggestions(java.util.List&lt;android.net.wifi.WifiNetworkSuggestion&gt;)">
    <annotation name="androidx.annotation.RequiresPermission">
      <val name="value" val="&quot;android.permission.CHANGE_WIFI_STATE&quot;" />
    </annotation>
    <annotation name="androidx.annotation.IntDef">
      <val name="value" val="{android.net.wifi.WifiManager.STATUS_NETWORK_SUGGESTIONS_SUCCESS, android.net.wifi.WifiManager.STATUS_NETWORK_SUGGESTIONS_ERROR_INTERNAL, android.net.wifi.WifiManager.STATUS_NETWORK_SUGGESTIONS_ERROR_APP_DISALLOWED, android.net.wifi.WifiManager.STATUS_NETWORK_SUGGESTIONS_ERROR_ADD_DUPLICATE, android.net.wifi.WifiManager.STATUS_NETWORK_SUGGESTIONS_ERROR_ADD_EXCEEDS_MAX_PER_APP, android.net.wifi.WifiManager.STATUS_NETWORK_SUGGESTIONS_ERROR_REMOVE_INVALID, android.net.wifi.WifiManager.STATUS_NETWORK_SUGGESTIONS_ERROR_ADD_NOT_ALLOWED, android.net.wifi.WifiManager.STATUS_NETWORK_SUGGESTIONS_ERROR_ADD_INVALID}" />
    </annotation>
  </item>
  <item name="android.net.wifi.WifiManager java.lang.String getCountryCode()">
    <annotation name="androidx.annotation.RequiresPermission">
      <val name="value" val="&quot;android.permission.NETWORK_SETTINGS&quot;" />
    </annotation>
  </item>
  <item name="android.net.wifi.WifiManager java.lang.String[] getFactoryMacAddresses()">
    <annotation name="androidx.annotation.RequiresPermission">
      <val name="value" val="&quot;android.permission.NETWORK_SETTINGS&quot;" />
    </annotation>
  </item>
  <item name="android.net.wifi.WifiManager java.util.List&lt;android.net.wifi.WifiAvailableChannel&gt; getAllowedChannels(int, int)">
    <annotation name="androidx.annotation.RequiresPermission">
      <val name="value" val="&quot;android.permission.LOCATION_HARDWARE&quot;" />
    </annotation>
  </item>
  <item name="android.net.wifi.WifiManager java.util.List&lt;android.net.wifi.WifiAvailableChannel&gt; getAllowedChannels(int, int) 0">
    <annotation name="androidx.annotation.IntDef">
      <val name="value" val="{android.net.wifi.WifiScanner.WIFI_BAND_UNSPECIFIED, android.net.wifi.WifiScanner.WIFI_BAND_24_GHZ, android.net.wifi.WifiScanner.WIFI_BAND_5_GHZ, android.net.wifi.WifiScanner.WIFI_BAND_BOTH, android.net.wifi.WifiScanner.WIFI_BAND_5_GHZ_DFS_ONLY, android.net.wifi.WifiScanner.WIFI_BAND_5_GHZ_WITH_DFS, android.net.wifi.WifiScanner.WIFI_BAND_BOTH_WITH_DFS, android.net.wifi.WifiScanner.WIFI_BAND_6_GHZ, android.net.wifi.WifiScanner.WIFI_BAND_24_5_6_GHZ, android.net.wifi.WifiScanner.WIFI_BAND_24_5_WITH_DFS_6_GHZ, android.net.wifi.WifiScanner.WIFI_BAND_60_GHZ}" />
    </annotation>
  </item>
  <item name="android.net.wifi.WifiManager java.util.List&lt;android.net.wifi.WifiAvailableChannel&gt; getAllowedChannels(int, int) 1">
    <annotation name="androidx.annotation.IntDef">
      <val name="value" val="{android.net.wifi.WifiAvailableChannel.OP_MODE_STA, android.net.wifi.WifiAvailableChannel.OP_MODE_SAP, android.net.wifi.WifiAvailableChannel.OP_MODE_WIFI_DIRECT_CLI, android.net.wifi.WifiAvailableChannel.OP_MODE_WIFI_DIRECT_GO, android.net.wifi.WifiAvailableChannel.OP_MODE_WIFI_AWARE, android.net.wifi.WifiAvailableChannel.OP_MODE_TDLS}" />
      <val name="flag" val="true" />
    </annotation>
  </item>
  <item name="android.net.wifi.WifiManager java.util.List&lt;android.net.wifi.WifiAvailableChannel&gt; getUsableChannels(int, int)">
    <annotation name="androidx.annotation.RequiresPermission">
      <val name="value" val="&quot;android.permission.LOCATION_HARDWARE&quot;" />
    </annotation>
  </item>
  <item name="android.net.wifi.WifiManager java.util.List&lt;android.net.wifi.WifiAvailableChannel&gt; getUsableChannels(int, int) 0">
    <annotation name="androidx.annotation.IntDef">
      <val name="value" val="{android.net.wifi.WifiScanner.WIFI_BAND_UNSPECIFIED, android.net.wifi.WifiScanner.WIFI_BAND_24_GHZ, android.net.wifi.WifiScanner.WIFI_BAND_5_GHZ, android.net.wifi.WifiScanner.WIFI_BAND_BOTH, android.net.wifi.WifiScanner.WIFI_BAND_5_GHZ_DFS_ONLY, android.net.wifi.WifiScanner.WIFI_BAND_5_GHZ_WITH_DFS, android.net.wifi.WifiScanner.WIFI_BAND_BOTH_WITH_DFS, android.net.wifi.WifiScanner.WIFI_BAND_6_GHZ, android.net.wifi.WifiScanner.WIFI_BAND_24_5_6_GHZ, android.net.wifi.WifiScanner.WIFI_BAND_24_5_WITH_DFS_6_GHZ, android.net.wifi.WifiScanner.WIFI_BAND_60_GHZ}" />
    </annotation>
  </item>
  <item name="android.net.wifi.WifiManager java.util.List&lt;android.net.wifi.WifiAvailableChannel&gt; getUsableChannels(int, int) 1">
    <annotation name="androidx.annotation.IntDef">
      <val name="value" val="{android.net.wifi.WifiAvailableChannel.OP_MODE_STA, android.net.wifi.WifiAvailableChannel.OP_MODE_SAP, android.net.wifi.WifiAvailableChannel.OP_MODE_WIFI_DIRECT_CLI, android.net.wifi.WifiAvailableChannel.OP_MODE_WIFI_DIRECT_GO, android.net.wifi.WifiAvailableChannel.OP_MODE_WIFI_AWARE, android.net.wifi.WifiAvailableChannel.OP_MODE_TDLS}" />
      <val name="flag" val="true" />
    </annotation>
  </item>
  <item name="android.net.wifi.WifiManager java.util.List&lt;android.net.wifi.WifiConfiguration&gt; getCallerConfiguredNetworks()">
    <annotation name="androidx.annotation.RequiresPermission">
      <val name="value" val="&quot;android.permission.ACCESS_WIFI_STATE&quot;" />
    </annotation>
  </item>
  <item name="android.net.wifi.WifiManager java.util.List&lt;android.net.wifi.WifiConfiguration&gt; getConfiguredNetworks()">
    <annotation name="androidx.annotation.RequiresPermission">
      <val name="allOf" val="{&quot;android.permission.ACCESS_FINE_LOCATION&quot;, &quot;android.permission.ACCESS_WIFI_STATE&quot;}" />
    </annotation>
  </item>
  <item name="android.net.wifi.WifiManager java.util.List&lt;android.net.wifi.WifiConfiguration&gt; getPrivilegedConfiguredNetworks()">
    <annotation name="androidx.annotation.RequiresPermission">
      <val name="allOf" val="{&quot;android.permission.ACCESS_FINE_LOCATION&quot;, &quot;android.permission.ACCESS_WIFI_STATE&quot;, &quot;android.permission.READ_WIFI_CREDENTIAL&quot;}" />
    </annotation>
  </item>
  <item name="android.net.wifi.WifiManager java.util.List&lt;android.net.wifi.WifiConfiguration&gt; getWifiConfigForMatchedNetworkSuggestionsSharedWithUser(java.util.List&lt;android.net.wifi.ScanResult&gt;)">
    <annotation name="androidx.annotation.RequiresPermission">
      <val name="anyOf" val="{&quot;android.permission.NETWORK_SETTINGS&quot;, &quot;android.permission.NETWORK_SETUP_WIZARD&quot;}" />
    </annotation>
  </item>
  <item name="android.net.wifi.WifiManager java.util.List&lt;android.net.wifi.WifiNetworkSuggestion&gt; getNetworkSuggestions()">
    <annotation name="androidx.annotation.RequiresPermission">
      <val name="value" val="&quot;android.permission.ACCESS_WIFI_STATE&quot;" />
    </annotation>
  </item>
  <item name="android.net.wifi.WifiManager java.util.List&lt;android.net.wifi.hotspot2.PasspointConfiguration&gt; getPasspointConfigurations()">
    <annotation name="androidx.annotation.RequiresPermission">
      <val name="anyOf" val="{&quot;android.permission.NETWORK_SETTINGS&quot;, &quot;android.permission.NETWORK_SETUP_WIZARD&quot;}" />
    </annotation>
  </item>
  <item name="android.net.wifi.WifiManager java.util.List&lt;android.util.Pair&lt;android.net.wifi.WifiConfiguration,java.util.Map&lt;java.lang.Integer,java.util.List&lt;android.net.wifi.ScanResult&gt;&gt;&gt;&gt; getAllMatchingWifiConfigs(java.util.List&lt;android.net.wifi.ScanResult&gt;)">
    <annotation name="androidx.annotation.RequiresPermission">
      <val name="anyOf" val="{&quot;android.permission.NETWORK_SETTINGS&quot;, &quot;android.permission.NETWORK_SETUP_WIZARD&quot;}" />
    </annotation>
  </item>
  <item name="android.net.wifi.WifiManager java.util.Map&lt;android.net.wifi.WifiNetworkSuggestion,java.util.List&lt;android.net.wifi.ScanResult&gt;&gt; getMatchingScanResults(java.util.List&lt;android.net.wifi.WifiNetworkSuggestion&gt;, java.util.List&lt;android.net.wifi.ScanResult&gt;)">
    <annotation name="androidx.annotation.RequiresPermission">
      <val name="allOf" val="{&quot;android.permission.ACCESS_FINE_LOCATION&quot;, &quot;android.permission.ACCESS_WIFI_STATE&quot;}" />
    </annotation>
  </item>
  <item name="android.net.wifi.WifiManager java.util.Map&lt;android.net.wifi.hotspot2.OsuProvider,android.net.wifi.hotspot2.PasspointConfiguration&gt; getMatchingPasspointConfigsForOsuProviders(java.util.Set&lt;android.net.wifi.hotspot2.OsuProvider&gt;)">
    <annotation name="androidx.annotation.RequiresPermission">
      <val name="anyOf" val="{&quot;android.permission.NETWORK_SETTINGS&quot;, &quot;android.permission.NETWORK_SETUP_WIZARD&quot;}" />
    </annotation>
  </item>
  <item name="android.net.wifi.WifiManager java.util.Map&lt;android.net.wifi.hotspot2.OsuProvider,java.util.List&lt;android.net.wifi.ScanResult&gt;&gt; getMatchingOsuProviders(java.util.List&lt;android.net.wifi.ScanResult&gt;)">
    <annotation name="androidx.annotation.RequiresPermission">
      <val name="anyOf" val="{&quot;android.permission.NETWORK_SETTINGS&quot;, &quot;android.permission.NETWORK_SETUP_WIZARD&quot;}" />
    </annotation>
  </item>
  <item name="android.net.wifi.WifiManager void addDriverCountryCodeChangedListener(java.util.concurrent.Executor, android.net.wifi.WifiManager.OnDriverCountryCodeChangedListener)">
    <annotation name="androidx.annotation.RequiresPermission">
      <val name="value" val="&quot;android.permission.ACCESS_COARSE_LOCATION&quot;" />
    </annotation>
  </item>
  <item name="android.net.wifi.WifiManager void addOnWifiUsabilityStatsListener(java.util.concurrent.Executor, android.net.wifi.WifiManager.OnWifiUsabilityStatsListener)">
    <annotation name="androidx.annotation.RequiresPermission">
      <val name="value" val="&quot;android.permission.WIFI_UPDATE_USABILITY_STATS_SCORE&quot;" />
    </annotation>
  </item>
  <item name="android.net.wifi.WifiManager void addSuggestionConnectionStatusListener(java.util.concurrent.Executor, android.net.wifi.WifiManager.SuggestionConnectionStatusListener)">
    <annotation name="androidx.annotation.RequiresPermission">
      <val name="allOf" val="{&quot;android.permission.ACCESS_FINE_LOCATION&quot;, &quot;android.permission.ACCESS_WIFI_STATE&quot;}" />
    </annotation>
  </item>
  <item name="android.net.wifi.WifiManager void addSuggestionUserApprovalStatusListener(java.util.concurrent.Executor, android.net.wifi.WifiManager.SuggestionUserApprovalStatusListener)">
    <annotation name="androidx.annotation.RequiresPermission">
      <val name="value" val="&quot;android.permission.ACCESS_WIFI_STATE&quot;" />
    </annotation>
  </item>
  <item name="android.net.wifi.WifiManager void addWifiVerboseLoggingStatusChangedListener(java.util.concurrent.Executor, android.net.wifi.WifiManager.WifiVerboseLoggingStatusChangedListener)">
    <annotation name="androidx.annotation.RequiresPermission">
      <val name="value" val="&quot;android.permission.ACCESS_WIFI_STATE&quot;" />
    </annotation>
  </item>
  <item name="android.net.wifi.WifiManager void allowAutojoin(int, boolean)">
    <annotation name="androidx.annotation.RequiresPermission">
      <val name="value" val="&quot;android.permission.NETWORK_SETTINGS&quot;" />
    </annotation>
  </item>
  <item name="android.net.wifi.WifiManager void allowAutojoinGlobal(boolean)">
    <annotation name="androidx.annotation.RequiresPermission">
      <val name="value" val="&quot;android.permission.NETWORK_SETTINGS&quot;" />
    </annotation>
  </item>
  <item name="android.net.wifi.WifiManager void allowAutojoinPasspoint(java.lang.String, boolean)">
    <annotation name="androidx.annotation.RequiresPermission">
      <val name="value" val="&quot;android.permission.NETWORK_SETTINGS&quot;" />
    </annotation>
  </item>
  <item name="android.net.wifi.WifiManager void clearOverrideCountryCode()">
    <annotation name="androidx.annotation.RequiresPermission">
      <val name="value" val="&quot;android.permission.MANAGE_WIFI_COUNTRY_CODE&quot;" />
    </annotation>
  </item>
  <item name="android.net.wifi.WifiManager void clearWifiConnectedNetworkScorer()">
    <annotation name="androidx.annotation.RequiresPermission">
      <val name="value" val="&quot;android.permission.WIFI_UPDATE_USABILITY_STATS_SCORE&quot;" />
    </annotation>
  </item>
  <item name="android.net.wifi.WifiManager void connect(android.net.wifi.WifiConfiguration, android.net.wifi.WifiManager.ActionListener)">
    <annotation name="androidx.annotation.RequiresPermission">
      <val name="anyOf" val="{&quot;android.permission.NETWORK_SETTINGS&quot;, &quot;android.permission.NETWORK_SETUP_WIZARD&quot;, &quot;android.permission.NETWORK_STACK&quot;}" />
    </annotation>
  </item>
  <item name="android.net.wifi.WifiManager void connect(int, android.net.wifi.WifiManager.ActionListener)">
    <annotation name="androidx.annotation.RequiresPermission">
      <val name="anyOf" val="{&quot;android.permission.NETWORK_SETTINGS&quot;, &quot;android.permission.NETWORK_SETUP_WIZARD&quot;, &quot;android.permission.NETWORK_STACK&quot;}" />
    </annotation>
  </item>
  <item name="android.net.wifi.WifiManager void disable(int, android.net.wifi.WifiManager.ActionListener)">
    <annotation name="androidx.annotation.RequiresPermission">
      <val name="anyOf" val="{&quot;android.permission.NETWORK_SETTINGS&quot;, &quot;android.permission.NETWORK_SETUP_WIZARD&quot;, &quot;android.permission.NETWORK_STACK&quot;}" />
    </annotation>
  </item>
  <item name="android.net.wifi.WifiManager void disableEphemeralNetwork(java.lang.String)">
    <annotation name="androidx.annotation.RequiresPermission">
      <val name="anyOf" val="{&quot;android.permission.NETWORK_SETTINGS&quot;, &quot;android.permission.NETWORK_STACK&quot;}" />
    </annotation>
  </item>
  <item name="android.net.wifi.WifiManager void factoryReset()">
    <annotation name="androidx.annotation.RequiresPermission">
      <val name="value" val="&quot;android.permission.NETWORK_SETTINGS&quot;" />
    </annotation>
  </item>
  <item name="android.net.wifi.WifiManager void flushPasspointAnqpCache()">
    <annotation name="androidx.annotation.RequiresPermission">
      <val name="anyOf" val="{&quot;android.permission.NETWORK_SETTINGS&quot;, &quot;android.permission.NETWORK_MANAGED_PROVISIONING&quot;, &quot;android.permission.NETWORK_CARRIER_PROVISIONING&quot;}" />
    </annotation>
  </item>
  <item name="android.net.wifi.WifiManager void forget(int, android.net.wifi.WifiManager.ActionListener)">
    <annotation name="androidx.annotation.RequiresPermission">
      <val name="anyOf" val="{&quot;android.permission.NETWORK_SETTINGS&quot;, &quot;android.permission.NETWORK_SETUP_WIZARD&quot;, &quot;android.permission.NETWORK_STACK&quot;}" />
    </annotation>
  </item>
  <item name="android.net.wifi.WifiManager void getWifiActivityEnergyInfoAsync(java.util.concurrent.Executor, android.net.wifi.WifiManager.OnWifiActivityEnergyInfoListener)">
    <annotation name="androidx.annotation.RequiresPermission">
      <val name="value" val="&quot;android.permission.ACCESS_WIFI_STATE&quot;" />
    </annotation>
  </item>
  <item name="android.net.wifi.WifiManager void registerCoexCallback(java.util.concurrent.Executor, android.net.wifi.WifiManager.CoexCallback)">
    <annotation name="androidx.annotation.RequiresPermission">
      <val name="value" val="&quot;android.permission.WIFI_ACCESS_COEX_UNSAFE_CHANNELS&quot;" />
    </annotation>
  </item>
  <item name="android.net.wifi.WifiManager void registerNetworkRequestMatchCallback(java.util.concurrent.Executor, android.net.wifi.WifiManager.NetworkRequestMatchCallback)">
    <annotation name="androidx.annotation.RequiresPermission">
      <val name="value" val="&quot;android.permission.NETWORK_SETTINGS&quot;" />
    </annotation>
  </item>
  <item name="android.net.wifi.WifiManager void registerScanResultsCallback(java.util.concurrent.Executor, android.net.wifi.WifiManager.ScanResultsCallback)">
    <annotation name="androidx.annotation.RequiresPermission">
      <val name="value" val="&quot;android.permission.ACCESS_WIFI_STATE&quot;" />
    </annotation>
  </item>
  <item name="android.net.wifi.WifiManager void registerSoftApCallback(java.util.concurrent.Executor, android.net.wifi.WifiManager.SoftApCallback)">
    <annotation name="androidx.annotation.RequiresPermission">
      <val name="anyOf" val="{&quot;android.permission.NETWORK_SETTINGS&quot;, &quot;android.permission.MAINLINE_NETWORK_STACK&quot;, &quot;android.permission.OVERRIDE_WIFI_CONFIG&quot;}" />
    </annotation>
  </item>
  <item name="android.net.wifi.WifiManager void registerSubsystemRestartTrackingCallback(java.util.concurrent.Executor, android.net.wifi.WifiManager.SubsystemRestartTrackingCallback)">
    <annotation name="androidx.annotation.RequiresPermission">
      <val name="value" val="&quot;android.permission.ACCESS_WIFI_STATE&quot;" />
    </annotation>
  </item>
  <item name="android.net.wifi.WifiManager void registerTrafficStateCallback(java.util.concurrent.Executor, android.net.wifi.WifiManager.TrafficStateCallback)">
    <annotation name="androidx.annotation.RequiresPermission">
      <val name="value" val="&quot;android.permission.NETWORK_SETTINGS&quot;" />
    </annotation>
  </item>
  <item name="android.net.wifi.WifiManager void removeAppState(int, java.lang.String)">
    <annotation name="androidx.annotation.RequiresPermission">
      <val name="value" val="&quot;android.permission.NETWORK_SETTINGS&quot;" />
    </annotation>
  </item>
  <item name="android.net.wifi.WifiManager void removeOnWifiUsabilityStatsListener(android.net.wifi.WifiManager.OnWifiUsabilityStatsListener)">
    <annotation name="androidx.annotation.RequiresPermission">
      <val name="value" val="&quot;android.permission.WIFI_UPDATE_USABILITY_STATS_SCORE&quot;" />
    </annotation>
  </item>
  <item name="android.net.wifi.WifiManager void removePasspointConfiguration(java.lang.String)">
    <annotation name="androidx.annotation.RequiresPermission">
      <val name="anyOf" val="{&quot;android.permission.NETWORK_SETTINGS&quot;, &quot;android.permission.NETWORK_CARRIER_PROVISIONING&quot;}" />
    </annotation>
  </item>
  <item name="android.net.wifi.WifiManager void removeSuggestionConnectionStatusListener(android.net.wifi.WifiManager.SuggestionConnectionStatusListener)">
    <annotation name="androidx.annotation.RequiresPermission">
      <val name="value" val="&quot;android.permission.ACCESS_WIFI_STATE&quot;" />
    </annotation>
  </item>
  <item name="android.net.wifi.WifiManager void removeSuggestionUserApprovalStatusListener(android.net.wifi.WifiManager.SuggestionUserApprovalStatusListener)">
    <annotation name="androidx.annotation.RequiresPermission">
      <val name="value" val="&quot;android.permission.ACCESS_WIFI_STATE&quot;" />
    </annotation>
  </item>
  <item name="android.net.wifi.WifiManager void removeWifiVerboseLoggingStatusChangedListener(android.net.wifi.WifiManager.WifiVerboseLoggingStatusChangedListener)">
    <annotation name="androidx.annotation.RequiresPermission">
      <val name="value" val="&quot;android.permission.ACCESS_WIFI_STATE&quot;" />
    </annotation>
  </item>
  <item name="android.net.wifi.WifiManager void restartWifiSubsystem()">
    <annotation name="androidx.annotation.RequiresPermission">
      <val name="value" val="&quot;android.permission.RESTART_WIFI_SUBSYSTEM&quot;" />
    </annotation>
  </item>
  <item name="android.net.wifi.WifiManager void restoreBackupData(byte[])">
    <annotation name="androidx.annotation.RequiresPermission">
      <val name="value" val="&quot;android.permission.NETWORK_SETTINGS&quot;" />
    </annotation>
  </item>
  <item name="android.net.wifi.WifiManager void restoreSupplicantBackupData(byte[], byte[])">
    <annotation name="androidx.annotation.RequiresPermission">
      <val name="value" val="&quot;android.permission.NETWORK_SETTINGS&quot;" />
    </annotation>
  </item>
  <item name="android.net.wifi.WifiManager void save(android.net.wifi.WifiConfiguration, android.net.wifi.WifiManager.ActionListener)">
    <annotation name="androidx.annotation.RequiresPermission">
      <val name="anyOf" val="{&quot;android.permission.NETWORK_SETTINGS&quot;, &quot;android.permission.NETWORK_SETUP_WIZARD&quot;, &quot;android.permission.NETWORK_STACK&quot;}" />
    </annotation>
  </item>
  <item name="android.net.wifi.WifiManager void setAutoWakeupEnabled(boolean)">
    <annotation name="androidx.annotation.RequiresPermission">
      <val name="value" val="&quot;android.permission.NETWORK_SETTINGS&quot;" />
    </annotation>
  </item>
  <item name="android.net.wifi.WifiManager void setCarrierNetworkOffloadEnabled(int, boolean, boolean)">
    <annotation name="androidx.annotation.RequiresPermission">
      <val name="anyOf" val="{&quot;android.permission.NETWORK_SETTINGS&quot;, &quot;android.permission.NETWORK_SETUP_WIZARD&quot;}" />
    </annotation>
  </item>
  <item name="android.net.wifi.WifiManager void setCoexUnsafeChannels(java.util.List&lt;android.net.wifi.CoexUnsafeChannel&gt;, int)">
    <annotation name="androidx.annotation.RequiresPermission">
      <val name="value" val="&quot;android.permission.WIFI_UPDATE_COEX_UNSAFE_CHANNELS&quot;" />
    </annotation>
  </item>
  <item name="android.net.wifi.WifiManager void setCoexUnsafeChannels(java.util.List&lt;android.net.wifi.CoexUnsafeChannel&gt;, int) 1">
    <annotation name="androidx.annotation.IntDef">
      <val name="value" val="{android.net.wifi.WifiManager.COEX_RESTRICTION_WIFI_DIRECT, android.net.wifi.WifiManager.COEX_RESTRICTION_SOFTAP, android.net.wifi.WifiManager.COEX_RESTRICTION_WIFI_AWARE}" />
      <val name="flag" val="true" />
    </annotation>
  </item>
  <item name="android.net.wifi.WifiManager void setDefaultCountryCode(java.lang.String)">
    <annotation name="androidx.annotation.RequiresPermission">
      <val name="value" val="&quot;android.permission.MANAGE_WIFI_COUNTRY_CODE&quot;" />
    </annotation>
  </item>
  <item name="android.net.wifi.WifiManager void setDeviceMobilityState(int)">
    <annotation name="androidx.annotation.RequiresPermission">
      <val name="value" val="&quot;android.permission.WIFI_SET_DEVICE_MOBILITY_STATE&quot;" />
    </annotation>
  </item>
  <item name="android.net.wifi.WifiManager void setDeviceMobilityState(int) 0">
    <annotation name="androidx.annotation.IntDef">
      <val name="value" val="{android.net.wifi.WifiManager.DEVICE_MOBILITY_STATE_UNKNOWN, android.net.wifi.WifiManager.DEVICE_MOBILITY_STATE_HIGH_MVMT, android.net.wifi.WifiManager.DEVICE_MOBILITY_STATE_LOW_MVMT, android.net.wifi.WifiManager.DEVICE_MOBILITY_STATE_STATIONARY}" />
    </annotation>
  </item>
  <item name="android.net.wifi.WifiManager void setMacRandomizationSettingPasspointEnabled(java.lang.String, boolean)">
    <annotation name="androidx.annotation.RequiresPermission">
      <val name="value" val="&quot;android.permission.NETWORK_SETTINGS&quot;" />
    </annotation>
  </item>
  <item name="android.net.wifi.WifiManager void setOverrideCountryCode(java.lang.String)">
    <annotation name="androidx.annotation.RequiresPermission">
      <val name="value" val="&quot;android.permission.MANAGE_WIFI_COUNTRY_CODE&quot;" />
    </annotation>
  </item>
  <item name="android.net.wifi.WifiManager void setPasspointMeteredOverride(java.lang.String, int)">
    <annotation name="androidx.annotation.RequiresPermission">
      <val name="value" val="&quot;android.permission.NETWORK_SETTINGS&quot;" />
    </annotation>
  </item>
  <item name="android.net.wifi.WifiManager void setPasspointMeteredOverride(java.lang.String, int) 1">
    <annotation name="androidx.annotation.IntDef">
      <val name="value" val="{android.net.wifi.WifiConfiguration.METERED_OVERRIDE_NONE, android.net.wifi.WifiConfiguration.METERED_OVERRIDE_METERED, android.net.wifi.WifiConfiguration.METERED_OVERRIDE_NOT_METERED}" />
    </annotation>
  </item>
  <item name="android.net.wifi.WifiManager void setScanAlwaysAvailable(boolean)">
    <annotation name="androidx.annotation.RequiresPermission">
      <val name="value" val="&quot;android.permission.NETWORK_SETTINGS&quot;" />
    </annotation>
  </item>
  <item name="android.net.wifi.WifiManager void setScanThrottleEnabled(boolean)">
    <annotation name="androidx.annotation.RequiresPermission">
      <val name="value" val="&quot;android.permission.NETWORK_SETTINGS&quot;" />
    </annotation>
  </item>
  <item name="android.net.wifi.WifiManager void setVerboseLoggingEnabled(boolean)">
    <annotation name="androidx.annotation.RequiresPermission">
      <val name="value" val="&quot;android.permission.NETWORK_SETTINGS&quot;" />
    </annotation>
  </item>
  <item name="android.net.wifi.WifiManager void setVerboseLoggingLevel(int)">
    <annotation name="androidx.annotation.RequiresPermission">
      <val name="value" val="&quot;android.permission.NETWORK_SETTINGS&quot;" />
    </annotation>
  </item>
  <item name="android.net.wifi.WifiManager void setVerboseLoggingLevel(int) 0">
    <annotation name="androidx.annotation.IntDef">
      <val name="value" val="{android.net.wifi.WifiManager.VERBOSE_LOGGING_LEVEL_DISABLED, android.net.wifi.WifiManager.VERBOSE_LOGGING_LEVEL_ENABLED, android.net.wifi.WifiManager.VERBOSE_LOGGING_LEVEL_ENABLED_SHOW_KEY}" />
    </annotation>
  </item>
  <item name="android.net.wifi.WifiManager void setWifiPasspointEnabled(boolean)">
    <annotation name="androidx.annotation.RequiresPermission">
      <val name="anyOf" val="{&quot;android.permission.NETWORK_SETTINGS&quot;, &quot;android.permission.NETWORK_SETUP_WIZARD&quot;}" />
    </annotation>
  </item>
  <item name="android.net.wifi.WifiManager void startEasyConnectAsConfiguratorInitiator(java.lang.String, int, int, java.util.concurrent.Executor, android.net.wifi.EasyConnectStatusCallback)">
    <annotation name="androidx.annotation.RequiresPermission">
      <val name="anyOf" val="{&quot;android.permission.NETWORK_SETTINGS&quot;, &quot;android.permission.NETWORK_SETUP_WIZARD&quot;}" />
    </annotation>
  </item>
  <item name="android.net.wifi.WifiManager void startEasyConnectAsConfiguratorInitiator(java.lang.String, int, int, java.util.concurrent.Executor, android.net.wifi.EasyConnectStatusCallback) 2">
    <annotation name="androidx.annotation.IntDef">
      <val name="value" val="{android.net.wifi.WifiManager.EASY_CONNECT_NETWORK_ROLE_STA, android.net.wifi.WifiManager.EASY_CONNECT_NETWORK_ROLE_AP}" />
    </annotation>
  </item>
  <item name="android.net.wifi.WifiManager void startEasyConnectAsEnrolleeInitiator(java.lang.String, java.util.concurrent.Executor, android.net.wifi.EasyConnectStatusCallback)">
    <annotation name="androidx.annotation.RequiresPermission">
      <val name="anyOf" val="{&quot;android.permission.NETWORK_SETTINGS&quot;, &quot;android.permission.NETWORK_SETUP_WIZARD&quot;}" />
    </annotation>
  </item>
  <item name="android.net.wifi.WifiManager void startEasyConnectAsEnrolleeResponder(java.lang.String, int, java.util.concurrent.Executor, android.net.wifi.EasyConnectStatusCallback)">
    <annotation name="androidx.annotation.RequiresPermission">
      <val name="anyOf" val="{&quot;android.permission.NETWORK_SETTINGS&quot;, &quot;android.permission.NETWORK_SETUP_WIZARD&quot;}" />
    </annotation>
  </item>
  <item name="android.net.wifi.WifiManager void startEasyConnectAsEnrolleeResponder(java.lang.String, int, java.util.concurrent.Executor, android.net.wifi.EasyConnectStatusCallback) 1">
    <annotation name="androidx.annotation.IntDef">
      <val name="value" val="{android.net.wifi.WifiManager.EASY_CONNECT_CRYPTOGRAPHY_CURVE_PRIME256V1, android.net.wifi.WifiManager.EASY_CONNECT_CRYPTOGRAPHY_CURVE_SECP384R1, android.net.wifi.WifiManager.EASY_CONNECT_CRYPTOGRAPHY_CURVE_SECP521R1, android.net.wifi.WifiManager.EASY_CONNECT_CRYPTOGRAPHY_CURVE_BRAINPOOLP256R1, android.net.wifi.WifiManager.EASY_CONNECT_CRYPTOGRAPHY_CURVE_BRAINPOOLP384R1, android.net.wifi.WifiManager.EASY_CONNECT_CRYPTOGRAPHY_CURVE_BRAINPOOLP512R1}" />
    </annotation>
  </item>
  <item name="android.net.wifi.WifiManager void startLocalOnlyHotspot(android.net.wifi.SoftApConfiguration, java.util.concurrent.Executor, android.net.wifi.WifiManager.LocalOnlyHotspotCallback)">
    <annotation name="androidx.annotation.RequiresPermission">
      <val name="anyOf" val="{&quot;android.permission.NETWORK_SETTINGS&quot;, &quot;android.permission.NETWORK_SETUP_WIZARD&quot;}" />
    </annotation>
  </item>
  <item name="android.net.wifi.WifiManager void startLocalOnlyHotspot(android.net.wifi.WifiManager.LocalOnlyHotspotCallback, android.os.Handler)">
    <annotation name="androidx.annotation.RequiresPermission">
      <val name="allOf" val="{&quot;android.permission.CHANGE_WIFI_STATE&quot;, &quot;android.permission.ACCESS_FINE_LOCATION&quot;}" />
    </annotation>
  </item>
  <item name="android.net.wifi.WifiManager void startRestrictingAutoJoinToSubscriptionId(int)">
    <annotation name="androidx.annotation.RequiresPermission">
      <val name="anyOf" val="{&quot;android.permission.NETWORK_SETTINGS&quot;, &quot;android.permission.NETWORK_SETUP_WIZARD&quot;}" />
    </annotation>
  </item>
  <item name="android.net.wifi.WifiManager void startSubscriptionProvisioning(android.net.wifi.hotspot2.OsuProvider, java.util.concurrent.Executor, android.net.wifi.hotspot2.ProvisioningCallback)">
    <annotation name="androidx.annotation.RequiresPermission">
      <val name="anyOf" val="{&quot;android.permission.NETWORK_SETTINGS&quot;, &quot;android.permission.NETWORK_SETUP_WIZARD&quot;}" />
    </annotation>
  </item>
  <item name="android.net.wifi.WifiManager void stopEasyConnectSession()">
    <annotation name="androidx.annotation.RequiresPermission">
      <val name="anyOf" val="{&quot;android.permission.NETWORK_SETTINGS&quot;, &quot;android.permission.NETWORK_SETUP_WIZARD&quot;}" />
    </annotation>
  </item>
  <item name="android.net.wifi.WifiManager void stopRestrictingAutoJoinToSubscriptionId()">
    <annotation name="androidx.annotation.RequiresPermission">
      <val name="anyOf" val="{&quot;android.permission.NETWORK_SETTINGS&quot;, &quot;android.permission.NETWORK_SETUP_WIZARD&quot;}" />
    </annotation>
  </item>
  <item name="android.net.wifi.WifiManager void unregisterCoexCallback(android.net.wifi.WifiManager.CoexCallback)">
    <annotation name="androidx.annotation.RequiresPermission">
      <val name="value" val="&quot;android.permission.WIFI_ACCESS_COEX_UNSAFE_CHANNELS&quot;" />
    </annotation>
  </item>
  <item name="android.net.wifi.WifiManager void unregisterNetworkRequestMatchCallback(android.net.wifi.WifiManager.NetworkRequestMatchCallback)">
    <annotation name="androidx.annotation.RequiresPermission">
      <val name="value" val="&quot;android.permission.NETWORK_SETTINGS&quot;" />
    </annotation>
  </item>
  <item name="android.net.wifi.WifiManager void unregisterScanResultsCallback(android.net.wifi.WifiManager.ScanResultsCallback)">
    <annotation name="androidx.annotation.RequiresPermission">
      <val name="value" val="&quot;android.permission.ACCESS_WIFI_STATE&quot;" />
    </annotation>
  </item>
  <item name="android.net.wifi.WifiManager void unregisterSoftApCallback(android.net.wifi.WifiManager.SoftApCallback)">
    <annotation name="androidx.annotation.RequiresPermission">
      <val name="anyOf" val="{&quot;android.permission.NETWORK_SETTINGS&quot;, &quot;android.permission.MAINLINE_NETWORK_STACK&quot;, &quot;android.permission.OVERRIDE_WIFI_CONFIG&quot;}" />
    </annotation>
  </item>
  <item name="android.net.wifi.WifiManager void unregisterSubsystemRestartTrackingCallback(android.net.wifi.WifiManager.SubsystemRestartTrackingCallback)">
    <annotation name="androidx.annotation.RequiresPermission">
      <val name="value" val="&quot;android.permission.ACCESS_WIFI_STATE&quot;" />
    </annotation>
  </item>
  <item name="android.net.wifi.WifiManager void unregisterTrafficStateCallback(android.net.wifi.WifiManager.TrafficStateCallback)">
    <annotation name="androidx.annotation.RequiresPermission">
      <val name="value" val="&quot;android.permission.NETWORK_SETTINGS&quot;" />
    </annotation>
  </item>
  <item name="android.net.wifi.WifiManager void updateInterfaceIpState(java.lang.String, int)">
    <annotation name="androidx.annotation.RequiresPermission">
      <val name="anyOf" val="{&quot;android.permission.NETWORK_STACK&quot;, &quot;android.permission.MAINLINE_NETWORK_STACK&quot;}" />
    </annotation>
  </item>
  <item name="android.net.wifi.WifiManager void updateInterfaceIpState(java.lang.String, int) 1">
    <annotation name="androidx.annotation.IntDef">
      <val name="value" val="{android.net.wifi.WifiManager.IFACE_IP_MODE_UNSPECIFIED, android.net.wifi.WifiManager.IFACE_IP_MODE_CONFIGURATION_ERROR, android.net.wifi.WifiManager.IFACE_IP_MODE_TETHERED, android.net.wifi.WifiManager.IFACE_IP_MODE_LOCAL_ONLY}" />
    </annotation>
  </item>
  <item name="android.net.wifi.WifiManager void updateWifiUsabilityScore(int, int, int)">
    <annotation name="androidx.annotation.RequiresPermission">
      <val name="value" val="&quot;android.permission.WIFI_UPDATE_USABILITY_STATS_SCORE&quot;" />
    </annotation>
  </item>
  <item name="android.net.wifi.WifiManager.ActionListener void onFailure(int) 0">
  </item>
  <item name="android.net.wifi.WifiManager.AddNetworkResult AddNetworkResult(int, int) 0">
    <annotation name="androidx.annotation.IntDef">
      <val name="value" val="{android.net.wifi.WifiManager.AddNetworkResult.STATUS_SUCCESS, android.net.wifi.WifiManager.AddNetworkResult.STATUS_FAILURE_UNKNOWN, android.net.wifi.WifiManager.AddNetworkResult.STATUS_NO_PERMISSION, android.net.wifi.WifiManager.AddNetworkResult.STATUS_ADD_PASSPOINT_FAILURE, android.net.wifi.WifiManager.AddNetworkResult.STATUS_ADD_WIFI_CONFIG_FAILURE, android.net.wifi.WifiManager.AddNetworkResult.STATUS_INVALID_CONFIGURATION, android.net.wifi.WifiManager.AddNetworkResult.STATUS_NO_PERMISSION_MODIFY_CONFIG, android.net.wifi.WifiManager.AddNetworkResult.STATUS_NO_PERMISSION_MODIFY_PROXY_SETTING, android.net.wifi.WifiManager.AddNetworkResult.STATUS_NO_PERMISSION_MODIFY_MAC_RANDOMIZATION, android.net.wifi.WifiManager.AddNetworkResult.STATUS_FAILURE_UPDATE_NETWORK_KEYS, android.net.wifi.WifiManager.AddNetworkResult.STATUS_INVALID_CONFIGURATION_ENTERPRISE}" />
    </annotation>
  </item>
  <item name="android.net.wifi.WifiManager.AddNetworkResult statusCode">
    <annotation name="androidx.annotation.IntDef">
      <val name="value" val="{android.net.wifi.WifiManager.AddNetworkResult.STATUS_SUCCESS, android.net.wifi.WifiManager.AddNetworkResult.STATUS_FAILURE_UNKNOWN, android.net.wifi.WifiManager.AddNetworkResult.STATUS_NO_PERMISSION, android.net.wifi.WifiManager.AddNetworkResult.STATUS_ADD_PASSPOINT_FAILURE, android.net.wifi.WifiManager.AddNetworkResult.STATUS_ADD_WIFI_CONFIG_FAILURE, android.net.wifi.WifiManager.AddNetworkResult.STATUS_INVALID_CONFIGURATION, android.net.wifi.WifiManager.AddNetworkResult.STATUS_NO_PERMISSION_MODIFY_CONFIG, android.net.wifi.WifiManager.AddNetworkResult.STATUS_NO_PERMISSION_MODIFY_PROXY_SETTING, android.net.wifi.WifiManager.AddNetworkResult.STATUS_NO_PERMISSION_MODIFY_MAC_RANDOMIZATION, android.net.wifi.WifiManager.AddNetworkResult.STATUS_FAILURE_UPDATE_NETWORK_KEYS, android.net.wifi.WifiManager.AddNetworkResult.STATUS_INVALID_CONFIGURATION_ENTERPRISE}" />
    </annotation>
  </item>
  <item name="android.net.wifi.WifiManager.CoexCallback void onCoexUnsafeChannelsChanged(java.util.List&lt;android.net.wifi.CoexUnsafeChannel&gt;, int) 1">
    <annotation name="androidx.annotation.IntDef">
      <val name="value" val="{android.net.wifi.WifiManager.COEX_RESTRICTION_WIFI_DIRECT, android.net.wifi.WifiManager.COEX_RESTRICTION_SOFTAP, android.net.wifi.WifiManager.COEX_RESTRICTION_WIFI_AWARE}" />
      <val name="flag" val="true" />
    </annotation>
  </item>
  <item name="android.net.wifi.WifiManager.SoftApCallback void onBlockedClientConnecting(android.net.wifi.WifiClient, int) 1">
    <annotation name="androidx.annotation.IntDef">
      <val name="value" val="{android.net.wifi.WifiManager.SAP_CLIENT_BLOCK_REASON_CODE_BLOCKED_BY_USER, android.net.wifi.WifiManager.SAP_CLIENT_BLOCK_REASON_CODE_NO_MORE_STAS}" />
      <val name="flag" val="false" />
    </annotation>
  </item>
  <item name="android.net.wifi.WifiManager.SoftApCallback void onStateChanged(int, int) 0">
    <annotation name="androidx.annotation.IntDef">
      <val name="value" val="{android.net.wifi.WifiManager.WIFI_AP_STATE_DISABLING, android.net.wifi.WifiManager.WIFI_AP_STATE_DISABLED, android.net.wifi.WifiManager.WIFI_AP_STATE_ENABLING, android.net.wifi.WifiManager.WIFI_AP_STATE_ENABLED, android.net.wifi.WifiManager.WIFI_AP_STATE_FAILED}" />
      <val name="flag" val="false" />
    </annotation>
  </item>
  <item name="android.net.wifi.WifiManager.SoftApCallback void onStateChanged(int, int) 1">
    <annotation name="androidx.annotation.IntDef">
      <val name="value" val="{android.net.wifi.WifiManager.SAP_START_FAILURE_GENERAL, android.net.wifi.WifiManager.SAP_START_FAILURE_NO_CHANNEL, android.net.wifi.WifiManager.SAP_START_FAILURE_UNSUPPORTED_CONFIGURATION}" />
      <val name="flag" val="false" />
    </annotation>
  </item>
  <item name="android.net.wifi.WifiManager.SuggestionConnectionStatusListener void onConnectionStatus(android.net.wifi.WifiNetworkSuggestion, int) 1">
    <annotation name="androidx.annotation.IntDef">
      <val name="value" val="{android.net.wifi.WifiManager.STATUS_SUGGESTION_CONNECTION_FAILURE_UNKNOWN, android.net.wifi.WifiManager.STATUS_SUGGESTION_CONNECTION_FAILURE_ASSOCIATION, android.net.wifi.WifiManager.STATUS_SUGGESTION_CONNECTION_FAILURE_AUTHENTICATION, android.net.wifi.WifiManager.STATUS_SUGGESTION_CONNECTION_FAILURE_IP_PROVISIONING}" />
    </annotation>
  </item>
  <item name="android.net.wifi.WifiManager.SuggestionUserApprovalStatusListener void onUserApprovalStatusChange(int) 0">
    <annotation name="androidx.annotation.IntDef">
      <val name="value" val="{android.net.wifi.WifiManager.STATUS_SUGGESTION_APPROVAL_UNKNOWN, android.net.wifi.WifiManager.STATUS_SUGGESTION_APPROVAL_PENDING, android.net.wifi.WifiManager.STATUS_SUGGESTION_APPROVAL_APPROVED_BY_USER, android.net.wifi.WifiManager.STATUS_SUGGESTION_APPROVAL_REJECTED_BY_USER, android.net.wifi.WifiManager.STATUS_SUGGESTION_APPROVAL_APPROVED_BY_CARRIER_PRIVILEGE}" />
    </annotation>
  </item>
  <item name="android.net.wifi.WifiManager.TrafficStateCallback void onStateChanged(int) 0">
    <annotation name="androidx.annotation.IntDef">
      <val name="value" val="{android.net.wifi.WifiManager.TrafficStateCallback.DATA_ACTIVITY_NONE, android.net.wifi.WifiManager.TrafficStateCallback.DATA_ACTIVITY_IN, android.net.wifi.WifiManager.TrafficStateCallback.DATA_ACTIVITY_OUT, android.net.wifi.WifiManager.TrafficStateCallback.DATA_ACTIVITY_INOUT}" />
    </annotation>
  </item>
  <item name="android.net.wifi.WifiNetworkSpecifier int getBand()">
    <annotation name="androidx.annotation.IntDef">
      <val name="value" val="{android.net.wifi.ScanResult.UNSPECIFIED, android.net.wifi.ScanResult.WIFI_BAND_24_GHZ, android.net.wifi.ScanResult.WIFI_BAND_5_GHZ, android.net.wifi.ScanResult.WIFI_BAND_6_GHZ, android.net.wifi.ScanResult.WIFI_BAND_60_GHZ}" />
    </annotation>
  </item>
  <item name="android.net.wifi.WifiNetworkSpecifier.Builder android.net.wifi.WifiNetworkSpecifier.Builder setBand(int) 0">
    <annotation name="androidx.annotation.IntDef">
      <val name="value" val="{android.net.wifi.ScanResult.UNSPECIFIED, android.net.wifi.ScanResult.WIFI_BAND_24_GHZ, android.net.wifi.ScanResult.WIFI_BAND_5_GHZ, android.net.wifi.ScanResult.WIFI_BAND_6_GHZ, android.net.wifi.ScanResult.WIFI_BAND_60_GHZ}" />
    </annotation>
  </item>
  <item name="android.net.wifi.WifiNetworkSuggestion int getMacRandomizationSetting()">
    <annotation name="androidx.annotation.IntDef">
      <val name="value" val="{android.net.wifi.WifiNetworkSuggestion.RANDOMIZATION_PERSISTENT, android.net.wifi.WifiNetworkSuggestion.RANDOMIZATION_NON_PERSISTENT}" />
    </annotation>
  </item>
  <item name="android.net.wifi.WifiNetworkSuggestion int getPriority()">
    <annotation name="androidx.annotation.IntRange">
      <val name="from" val="0" />
    </annotation>
  </item>
  <item name="android.net.wifi.WifiNetworkSuggestion int getPriorityGroup()">
    <annotation name="androidx.annotation.IntRange">
      <val name="from" val="0" />
    </annotation>
  </item>
  <item name="android.net.wifi.WifiNetworkSuggestion.Builder android.net.wifi.WifiNetworkSuggestion.Builder setCarrierId(int)">
    <annotation name="androidx.annotation.RequiresPermission">
      <val name="value" val="&quot;android.permission.NETWORK_CARRIER_PROVISIONING&quot;" />
    </annotation>
  </item>
  <item name="android.net.wifi.WifiNetworkSuggestion.Builder android.net.wifi.WifiNetworkSuggestion.Builder setMacRandomizationSetting(int) 0">
    <annotation name="androidx.annotation.IntDef">
      <val name="value" val="{android.net.wifi.WifiNetworkSuggestion.RANDOMIZATION_PERSISTENT, android.net.wifi.WifiNetworkSuggestion.RANDOMIZATION_NON_PERSISTENT}" />
    </annotation>
  </item>
  <item name="android.net.wifi.WifiNetworkSuggestion.Builder android.net.wifi.WifiNetworkSuggestion.Builder setPriority(int) 0">
    <annotation name="androidx.annotation.IntRange">
      <val name="from" val="0" />
    </annotation>
  </item>
  <item name="android.net.wifi.WifiNetworkSuggestion.Builder android.net.wifi.WifiNetworkSuggestion.Builder setPriorityGroup(int) 0">
    <annotation name="androidx.annotation.IntRange">
      <val name="from" val="0" />
    </annotation>
  </item>
  <item name="android.net.wifi.WifiScanner boolean getScanResults()">
    <annotation name="androidx.annotation.RequiresPermission">
      <val name="value" val="&quot;android.permission.LOCATION_HARDWARE&quot;" />
    </annotation>
  </item>
  <item name="android.net.wifi.WifiScanner boolean isScanning()">
    <annotation name="androidx.annotation.RequiresPermission">
      <val name="value" val="&quot;android.permission.LOCATION_HARDWARE&quot;" />
    </annotation>
  </item>
  <item name="android.net.wifi.WifiScanner java.util.List&lt;android.net.wifi.ScanResult&gt; getSingleScanResults()">
    <annotation name="androidx.annotation.RequiresPermission">
      <val name="value" val="&quot;android.permission.LOCATION_HARDWARE&quot;" />
    </annotation>
  </item>
  <item name="android.net.wifi.WifiScanner java.util.List&lt;java.lang.Integer&gt; getAvailableChannels(int)">
    <annotation name="androidx.annotation.RequiresPermission">
      <val name="value" val="&quot;android.permission.LOCATION_HARDWARE&quot;" />
    </annotation>
  </item>
  <item name="android.net.wifi.WifiScanner void registerScanListener(java.util.concurrent.Executor, android.net.wifi.WifiScanner.ScanListener)">
    <annotation name="androidx.annotation.RequiresPermission">
      <val name="value" val="&quot;android.permission.NETWORK_STACK&quot;" />
    </annotation>
  </item>
  <item name="android.net.wifi.WifiScanner void setScanningEnabled(boolean)">
    <annotation name="androidx.annotation.RequiresPermission">
      <val name="value" val="&quot;android.permission.NETWORK_STACK&quot;" />
    </annotation>
  </item>
  <item name="android.net.wifi.WifiScanner void startBackgroundScan(android.net.wifi.WifiScanner.ScanSettings, android.net.wifi.WifiScanner.ScanListener)">
    <annotation name="androidx.annotation.RequiresPermission">
      <val name="value" val="&quot;android.permission.LOCATION_HARDWARE&quot;" />
    </annotation>
  </item>
  <item name="android.net.wifi.WifiScanner void startBackgroundScan(android.net.wifi.WifiScanner.ScanSettings, android.net.wifi.WifiScanner.ScanListener, android.os.WorkSource)">
    <annotation name="androidx.annotation.RequiresPermission">
      <val name="value" val="&quot;android.permission.LOCATION_HARDWARE&quot;" />
    </annotation>
  </item>
  <item name="android.net.wifi.WifiScanner void startScan(android.net.wifi.WifiScanner.ScanSettings, android.net.wifi.WifiScanner.ScanListener)">
    <annotation name="androidx.annotation.RequiresPermission">
      <val name="value" val="&quot;android.permission.LOCATION_HARDWARE&quot;" />
    </annotation>
  </item>
  <item name="android.net.wifi.WifiScanner void startScan(android.net.wifi.WifiScanner.ScanSettings, android.net.wifi.WifiScanner.ScanListener, android.os.WorkSource)">
    <annotation name="androidx.annotation.RequiresPermission">
      <val name="value" val="&quot;android.permission.LOCATION_HARDWARE&quot;" />
    </annotation>
  </item>
  <item name="android.net.wifi.WifiScanner void stopBackgroundScan(android.net.wifi.WifiScanner.ScanListener)">
    <annotation name="androidx.annotation.RequiresPermission">
      <val name="value" val="&quot;android.permission.LOCATION_HARDWARE&quot;" />
    </annotation>
  </item>
  <item name="android.net.wifi.WifiScanner void stopScan(android.net.wifi.WifiScanner.ScanListener)">
    <annotation name="androidx.annotation.RequiresPermission">
      <val name="value" val="&quot;android.permission.LOCATION_HARDWARE&quot;" />
    </annotation>
  </item>
  <item name="android.net.wifi.WifiScanner.ScanData int getScannedBands()">
    <annotation name="androidx.annotation.IntDef">
      <val name="value" val="{android.net.wifi.WifiScanner.WIFI_BAND_UNSPECIFIED, android.net.wifi.WifiScanner.WIFI_BAND_24_GHZ, android.net.wifi.WifiScanner.WIFI_BAND_5_GHZ, android.net.wifi.WifiScanner.WIFI_BAND_BOTH, android.net.wifi.WifiScanner.WIFI_BAND_5_GHZ_DFS_ONLY, android.net.wifi.WifiScanner.WIFI_BAND_5_GHZ_WITH_DFS, android.net.wifi.WifiScanner.WIFI_BAND_BOTH_WITH_DFS, android.net.wifi.WifiScanner.WIFI_BAND_6_GHZ, android.net.wifi.WifiScanner.WIFI_BAND_24_5_6_GHZ, android.net.wifi.WifiScanner.WIFI_BAND_24_5_WITH_DFS_6_GHZ, android.net.wifi.WifiScanner.WIFI_BAND_60_GHZ}" />
    </annotation>
  </item>
  <item name="android.net.wifi.WifiScanner.ScanSettings hiddenNetworks">
    <annotation name="androidx.annotation.RequiresPermission">
      <val name="value" val="&quot;android.permission.NETWORK_STACK&quot;" />
    </annotation>
  </item>
  <item name="android.net.wifi.WifiScanner.ScanSettings int getRnrSetting()">
    <annotation name="androidx.annotation.IntDef">
      <val name="value" val="{android.net.wifi.WifiScanner.WIFI_RNR_ENABLED_IF_WIFI_BAND_6_GHZ_SCANNED, android.net.wifi.WifiScanner.WIFI_RNR_ENABLED, android.net.wifi.WifiScanner.WIFI_RNR_NOT_NEEDED}" />
    </annotation>
  </item>
  <item name="android.net.wifi.WifiScanner.ScanSettings type">
    <annotation name="androidx.annotation.IntDef">
      <val name="value" val="{android.net.wifi.WifiScanner.SCAN_TYPE_LOW_LATENCY, android.net.wifi.WifiScanner.SCAN_TYPE_LOW_POWER, android.net.wifi.WifiScanner.SCAN_TYPE_HIGH_ACCURACY}" />
    </annotation>
    <annotation name="androidx.annotation.RequiresPermission">
      <val name="value" val="&quot;android.permission.NETWORK_STACK&quot;" />
    </annotation>
  </item>
  <item name="android.net.wifi.WifiScanner.ScanSettings void setRnrSetting(int) 0">
    <annotation name="androidx.annotation.IntDef">
      <val name="value" val="{android.net.wifi.WifiScanner.WIFI_RNR_ENABLED_IF_WIFI_BAND_6_GHZ_SCANNED, android.net.wifi.WifiScanner.WIFI_RNR_ENABLED, android.net.wifi.WifiScanner.WIFI_RNR_NOT_NEEDED}" />
    </annotation>
  </item>
  <item name="android.net.wifi.WifiUsabilityStatsEntry android.net.wifi.WifiUsabilityStatsEntry.ContentionTimeStats getContentionTimeStats(int) 0">
    <annotation name="androidx.annotation.IntDef">
      <val name="value" val="{android.net.wifi.WifiUsabilityStatsEntry.WME_ACCESS_CATEGORY_BE, android.net.wifi.WifiUsabilityStatsEntry.WME_ACCESS_CATEGORY_BK, android.net.wifi.WifiUsabilityStatsEntry.WME_ACCESS_CATEGORY_VI, android.net.wifi.WifiUsabilityStatsEntry.WME_ACCESS_CATEGORY_VO}" />
    </annotation>
  </item>
  <item name="android.net.wifi.WifiUsabilityStatsEntry int getChannelUtilizationRatio()">
    <annotation name="androidx.annotation.IntRange">
      <val name="from" val="0" />
      <val name="to" val="255" />
    </annotation>
  </item>
  <item name="android.net.wifi.WifiUsabilityStatsEntry int getProbeStatusSinceLastUpdate()">
    <annotation name="androidx.annotation.IntDef">
      <val name="value" val="{android.net.wifi.WifiUsabilityStatsEntry.PROBE_STATUS_UNKNOWN, android.net.wifi.WifiUsabilityStatsEntry.PROBE_STATUS_NO_PROBE, android.net.wifi.WifiUsabilityStatsEntry.PROBE_STATUS_SUCCESS, android.net.wifi.WifiUsabilityStatsEntry.PROBE_STATUS_FAILURE}" />
    </annotation>
  </item>
  <item name="android.net.wifi.WifiUsabilityStatsEntry int getTimeSliceDutyCycleInPercent()">
    <annotation name="androidx.annotation.IntRange">
      <val name="from" val="0" />
      <val name="to" val="100" />
    </annotation>
  </item>
  <item name="android.net.wifi.WifiUsabilityStatsEntry.RateStats RateStats(int, int, int, int, int, int, int, int, int) 0">
    <annotation name="androidx.annotation.IntDef">
      <val name="value" val="{android.net.wifi.WifiUsabilityStatsEntry.WIFI_PREAMBLE_OFDM, android.net.wifi.WifiUsabilityStatsEntry.WIFI_PREAMBLE_CCK, android.net.wifi.WifiUsabilityStatsEntry.WIFI_PREAMBLE_HT, android.net.wifi.WifiUsabilityStatsEntry.WIFI_PREAMBLE_VHT, android.net.wifi.WifiUsabilityStatsEntry.WIFI_PREAMBLE_HE, android.net.wifi.WifiUsabilityStatsEntry.WIFI_PREAMBLE_INVALID}" />
    </annotation>
  </item>
  <item name="android.net.wifi.WifiUsabilityStatsEntry.RateStats RateStats(int, int, int, int, int, int, int, int, int) 1">
    <annotation name="androidx.annotation.IntDef">
      <val name="value" val="{android.net.wifi.WifiUsabilityStatsEntry.WIFI_SPATIAL_STREAMS_ONE, android.net.wifi.WifiUsabilityStatsEntry.WIFI_SPATIAL_STREAMS_TWO, android.net.wifi.WifiUsabilityStatsEntry.WIFI_SPATIAL_STREAMS_THREE, android.net.wifi.WifiUsabilityStatsEntry.WIFI_SPATIAL_STREAMS_FOUR, android.net.wifi.WifiUsabilityStatsEntry.WIFI_SPATIAL_STREAMS_INVALID}" />
    </annotation>
  </item>
  <item name="android.net.wifi.WifiUsabilityStatsEntry.RateStats RateStats(int, int, int, int, int, int, int, int, int) 2">
    <annotation name="androidx.annotation.IntDef">
      <val name="value" val="{android.net.wifi.WifiUsabilityStatsEntry.WIFI_BANDWIDTH_20_MHZ, android.net.wifi.WifiUsabilityStatsEntry.WIFI_BANDWIDTH_40_MHZ, android.net.wifi.WifiUsabilityStatsEntry.WIFI_BANDWIDTH_80_MHZ, android.net.wifi.WifiUsabilityStatsEntry.WIFI_BANDWIDTH_160_MHZ, android.net.wifi.WifiUsabilityStatsEntry.WIFI_BANDWIDTH_80P80_MHZ, android.net.wifi.WifiUsabilityStatsEntry.WIFI_BANDWIDTH_5_MHZ, android.net.wifi.WifiUsabilityStatsEntry.WIFI_BANDWIDTH_10_MHZ, android.net.wifi.WifiUsabilityStatsEntry.WIFI_BANDWIDTH_INVALID}" />
    </annotation>
  </item>
  <item name="android.net.wifi.WifiUsabilityStatsEntry.RateStats int getBandwidthInMhz()">
    <annotation name="androidx.annotation.IntDef">
      <val name="value" val="{android.net.wifi.WifiUsabilityStatsEntry.WIFI_BANDWIDTH_20_MHZ, android.net.wifi.WifiUsabilityStatsEntry.WIFI_BANDWIDTH_40_MHZ, android.net.wifi.WifiUsabilityStatsEntry.WIFI_BANDWIDTH_80_MHZ, android.net.wifi.WifiUsabilityStatsEntry.WIFI_BANDWIDTH_160_MHZ, android.net.wifi.WifiUsabilityStatsEntry.WIFI_BANDWIDTH_80P80_MHZ, android.net.wifi.WifiUsabilityStatsEntry.WIFI_BANDWIDTH_5_MHZ, android.net.wifi.WifiUsabilityStatsEntry.WIFI_BANDWIDTH_10_MHZ, android.net.wifi.WifiUsabilityStatsEntry.WIFI_BANDWIDTH_INVALID}" />
    </annotation>
  </item>
  <item name="android.net.wifi.WifiUsabilityStatsEntry.RateStats int getNumberOfSpatialStreams()">
    <annotation name="androidx.annotation.IntDef">
      <val name="value" val="{android.net.wifi.WifiUsabilityStatsEntry.WIFI_SPATIAL_STREAMS_ONE, android.net.wifi.WifiUsabilityStatsEntry.WIFI_SPATIAL_STREAMS_TWO, android.net.wifi.WifiUsabilityStatsEntry.WIFI_SPATIAL_STREAMS_THREE, android.net.wifi.WifiUsabilityStatsEntry.WIFI_SPATIAL_STREAMS_FOUR, android.net.wifi.WifiUsabilityStatsEntry.WIFI_SPATIAL_STREAMS_INVALID}" />
    </annotation>
  </item>
  <item name="android.net.wifi.WifiUsabilityStatsEntry.RateStats int getPreamble()">
    <annotation name="androidx.annotation.IntDef">
      <val name="value" val="{android.net.wifi.WifiUsabilityStatsEntry.WIFI_PREAMBLE_OFDM, android.net.wifi.WifiUsabilityStatsEntry.WIFI_PREAMBLE_CCK, android.net.wifi.WifiUsabilityStatsEntry.WIFI_PREAMBLE_HT, android.net.wifi.WifiUsabilityStatsEntry.WIFI_PREAMBLE_VHT, android.net.wifi.WifiUsabilityStatsEntry.WIFI_PREAMBLE_HE, android.net.wifi.WifiUsabilityStatsEntry.WIFI_PREAMBLE_INVALID}" />
    </annotation>
  </item>
</root>

